date,nav,basis_pnl,funding_pnl,switch_cost,venue,ret
2023-05-12,1000000.0,0.0,0.0,0.0,,0.0
2023-05-13,999974.2717284164,-25.728271583601835,0.0,0.0,,-2.5728271583560855e-05
2023-05-14,999886.0605115582,-88.21121685823057,0.0,0.0,,-8.821121685823891e-05
2023-05-15,999981.6226631546,95.56215159640253,0.0,0.0,,9.556215159641579e-05
2023-05-16,999875.034109451,-106.58855370357688,0.0,0.0,,-0.00010658855370362289
2023-05-17,999889.7359789273,14.701869476343905,0.0,0.0,,1.470186947635375e-05
2023-05-18,999875.8298481363,-80.86028212005861,66.95415132901559,0.0,bybit,-1.3906130791059695e-05
2023-05-19,1000210.0247617005,147.0186947636062,187.17621880057249,0.0,bybit,0.00033419491356424986
2023-05-20,1000407.3939395453,22.052804214515856,175.3163736301923,0.0,bybit,0.00019736917784472462
2023-05-21,1000476.1221242622,-36.754673690776194,105.4828584076316,0.0,bybit,6.872818471689243e-05
2023-05-22,1000736.5181609055,66.15841264354758,194.23762399968814,0.0,bybit,0.0002603960366433021
2023-05-23,1000739.1288971283,-121.29042318000435,123.90115940279225,0.0,bybit,2.610736222821288e-06
2023-05-24,1000869.7051303412,3.6754673691695467,126.90076584377033,0.0,bybit,0.0001305762332129525
2023-05-25,1001128.8386279183,132.31682528726228,126.81667228976046,0.0,bybit,0.00025913349757704417
2023-05-26,1001190.205743016,-33.07920632194093,94.44632141962141,0.0,bybit,6.136711509770248e-05
2023-05-27,1001188.1995324864,11.026402107341498,-13.032612636925082,0.0,bybit,-2.0062105295946823e-06
2023-05-28,1001183.6552636538,18.37733684551345,-22.921605678040187,0.0,bybit,-4.544268832542002e-06
2023-05-29,1001084.0915087073,-279.3355200507849,179.77176510422174,0.0,bybit,-9.95637549465755e-05
2023-05-30,1001590.3698641026,297.7128568961312,208.56549849918414,0.0,bybit,0.000506278355395305
2023-05-31,1001630.9966214226,-117.61495581083481,158.2417131308856,0.0,bybit,4.062675732001662e-05
2023-06-01,1001776.4879966711,3.6754673691695467,141.8159078794224,0.0,bybit,0.00014549137524852996
2023-06-02,1002113.313481522,150.6941621326086,186.13132271828653,0.0,bybit,0.00033682548485090954
2023-06-03,1002267.1902818284,-33.07920632177379,186.95600662809278,0.0,bybit,0.0001538768003063742
2023-06-04,1002438.0979792483,18.37733684534631,152.53036057448668,0.0,bybit,0.00017090769741986877
2023-06-05,1002760.2754820467,113.93948844183241,208.23801435659828,0.0,bybit,0.0003221775027983822
2023-06-06,1002022.3193218978,-367.5467369089319,553.5905767600865,924.0,hyperliquid,-0.0007379561601488385
2023-06-07,1003237.7454772388,341.81846532533007,873.6076900156485,0.0,hyperliquid,0.0012154261553409742
2023-06-08,1004347.539334139,-216.8525747763233,1326.6464316764695,0.0,hyperliquid,0.0011097938569001853
2023-06-09,1005305.0653296589,-29.40373895268781,986.9297344726316,0.0,hyperliquid,0.0009575259955199436
2023-06-10,1006093.981977093,14.701869476343905,774.2147779577209,0.0,hyperliquid,0.0007889166474341182
2023-06-11,1006628.9916970595,40.43014105994574,494.5795789065485,0.0,hyperliquid,0.0005350097199664451
2023-06-12,1007307.4442641798,36.754673690943335,641.6978934292667,0.0,hyperliquid,0.0006784525671203155
2023-06-13,1008396.3344072535,0.0,1088.890143073693,0.0,hyperliquid,0.001088890143073746
2023-06-14,1009491.9125636084,-33.079206321857356,1128.6573626766758,0.0,hyperliquid,0.0010955781563548371
2023-06-15,1009984.8816564918,-44.10560842903171,537.074701312409,0.0,hyperliquid,0.0004929690928834025
2023-06-16,1010683.8394101841,205.8261726689818,493.1315810233615,0.0,hyperliquid,0.000698957753692288
2023-06-17,1010970.4875689201,-264.63365057435743,551.2818093104266,0.0,hyperliquid,0.0002866481587360613
2023-06-18,1011061.8006406884,-14.701869476427476,106.01494124469144,0.0,hyperliquid,9.131307176826521e-05
2023-06-19,1011472.1423035796,147.0186947636062,263.32296812752753,0.0,hyperliquid,0.00041034166289120915
2023-06-20,1011550.1726864369,-22.052804214599426,100.08318707193335,0.0,hyperliquid,7.803038285730872e-05
2023-06-21,1011702.49769758,-102.91308633440734,255.23809747751557,0.0,hyperliquid,0.00015232501114311164
2023-06-22,1012420.0616327708,66.15841264354758,651.4055225472101,0.0,hyperliquid,0.0007175639351907885
2023-06-23,1012958.0833382782,-62.4829452744616,600.5046507818274,0.0,hyperliquid,0.0005380217055074172
2023-06-24,1013498.1279563163,-73.5093473818031,613.5539654198665,0.0,hyperliquid,0.0005400446180381114
2023-06-25,1014400.7678183535,18.37733684542988,884.2625251917757,0.0,hyperliquid,0.0009026398620371474
2023-06-26,1015392.6496769382,22.052804214515856,969.829054370231,0.0,hyperliquid,0.0009918818585847038
2023-06-27,1016518.2802843923,106.58855370357688,1019.0420537504581,0.0,hyperliquid,0.0011256306074541062
2023-06-28,1017428.2798210995,-110.26402107266286,1020.2635577797948,0.0,hyperliquid,0.0009099995367071824
2023-06-29,1018356.8210203449,88.211216858147,840.329982387294,0.0,hyperliquid,0.0009285411992453737
2023-06-30,1019590.1253330169,14.701869476343905,1218.6024431956964,0.0,hyperliquid,0.0012333043126720004
2023-07-01,1020320.6836083366,-158.0450968708641,888.6033721906565,0.0,hyperliquid,0.0007305582753197523
2023-07-02,1021321.6673535695,14.701869476427476,986.2818757564612,0.0,hyperliquid,0.001000983745232923
2023-07-03,1022734.3065707876,-227.87897688358123,1640.5181941016767,0.0,hyperliquid,0.0014126392172180348
2023-07-04,1024380.1584607351,275.6600526816989,1370.191837265898,0.0,hyperliquid,0.0016458518899475458
2023-07-05,1024949.5876548637,-29.40373895268781,598.832933081367,0.0,hyperliquid,0.0005694291941286065
2023-07-06,1025508.5771647212,-8.357045246815048e-11,558.9895098575812,0.0,hyperliquid,0.0005589895098574926
2023-07-07,1026293.1927938878,327.1165958490697,457.4990333175659,0.0,hyperliquid,0.0007846156291665975
2023-07-08,1026419.6326949731,-161.7205642399501,288.16046532530663,0.0,hyperliquid,0.0001264399010853376
2023-07-09,1026838.0492943953,-47.781075798201265,466.19767522027746,0.0,hyperliquid,0.0004184165994221112
2023-07-10,1027499.9613663513,77.18481475088907,584.7272572051634,0.0,hyperliquid,0.0006619120719560887
2023-07-11,1027951.943645215,22.052804214599426,429.9294746490763,0.0,hyperliquid,0.00045198227886366656
2023-07-12,1028107.5723025627,-150.69416213277574,306.3228194804448,0.0,hyperliquid,0.0001556286573476391
2023-07-13,1028357.8031686152,128.6413579181763,121.58950813438844,0.0,hyperliquid,0.0002502308660525596
2023-07-14,1028425.7171239627,-470.4598232434228,538.3737785909149,0.0,hyperliquid,6.791395534749608e-05
2023-07-15,1029112.272976225,499.8635621961106,186.69229006616956,0.0,hyperliquid,0.0006865558522623032
2023-07-16,1029280.2449466137,-25.728271583601835,193.70024197227804,0.0,hyperliquid,0.0001679719703886658
2023-07-17,1029543.5153663409,51.45654316720367,211.8138765599853,0.0,hyperliquid,0.000263270419727196
2023-07-18,1029640.2209558358,-113.93948844166526,210.64507793661488,0.0,hyperliquid,9.670558949490077e-05
2023-07-19,1029752.2526183374,-36.754673690943335,148.78633619267248,0.0,hyperliquid,0.00011203166250162758
2023-07-20,1029949.0597137957,128.6413579181763,68.16573754005424,0.0,hyperliquid,0.00019680709545826538
2023-07-21,1029996.7363348105,-22.052804214599426,69.7294252295218,0.0,hyperliquid,4.767662101483438e-05
2023-07-22,1029896.8448945365,-51.45654316720367,-48.434897106694365,0.0,hyperliquid,-9.989144027396106e-05
2023-07-23,1029823.3706781539,11.026402107257928,-84.50061848982841,0.0,hyperliquid,-7.34742163826013e-05
2023-07-24,1029835.20330108,-11.026402107257928,22.8590250333298,0.0,hyperliquid,1.1832622926100157e-05
2023-07-25,1029140.4524429534,25.728271583601835,170.52087028972704,891.0,binance,-0.0006947508581266738
2023-07-26,1029238.6567894652,-77.18481475088907,175.38916126280145,0.0,binance,9.820434651186224e-05
2023-07-27,1029489.9517596572,99.23761896540493,152.057351226548,0.0,binance,0.00025129497019201516
2023-07-28,1029617.4213720358,-7.3509347381719525,134.8205471167072,0.0,binance,0.00012746961237851065
2023-07-29,1029699.1989379742,-66.15841264363114,147.93597858204924,0.0,binance,8.17775659384206e-05
2023-07-30,1029722.6910960082,-84.53574948897746,108.02790752301343,0.0,binance,2.3492158034001478e-05
2023-07-31,1029911.1022382877,158.04509687078055,30.366045408728674,0.0,binance,0.0001884111422795104
2023-08-01,1029947.9815294348,-106.58855370357688,143.4678448507259,0.0,binance,3.687929114711005e-05
2023-08-02,1030040.5731683034,-113.93948844174884,206.53112731039317,0.0,binance,9.259163886855822e-05
2023-08-03,1030394.0505836701,150.69416213269216,202.78325323413281,0.0,binance,0.0003534774153667968
2023-08-04,1030668.0763497099,106.5885537034933,167.437212336205,0.0,binance,0.00027402576603973285
2023-08-05,1030740.5292994061,-102.9130863344909,175.366036030718,0.0,binance,7.245294969622046e-05
2023-08-06,1030939.6290635637,51.456543167287236,147.64322099025998,0.0,binance,0.00019909976415755228
2023-08-07,1031103.7674902375,-33.079206321857356,197.21763299567294,0.0,binance,0.00016413842667383142
2023-08-08,1031260.1818949265,11.026402107257928,145.3880025817374,0.0,binance,0.00015641440468898508
2023-08-09,1031392.148994495,7.350934738255523,124.61616483023236,0.0,binance,0.00013196709956857377
2023-08-10,1031481.0224223306,-99.2376189654885,188.11104680095113,0.0,binance,8.887342783552595e-05
2023-08-11,1031675.3324556103,135.99229265634827,58.31774062338154,0.0,binance,0.00019431003327970392
2023-08-12,1031706.3823861172,-88.211216858147,119.2611473650797,0.0,binance,3.104993050696794e-05
2023-08-13,1031830.0166759356,0.0,123.6342898183985,0.0,binance,0.00012363428981835022
2023-08-14,1031973.3068640572,-58.80747790537562,202.09766602698681,0.0,binance,0.0001432901881216094
2023-08-15,1032174.242877378,22.052804214515856,178.8832091062488,0.0,binance,0.00020093601332081017
2023-08-16,1032357.8261238659,3.6754673690859763,179.90777911889023,0.0,binance,0.0001835832464878913
2023-08-17,1032487.9607237623,-33.079206321857356,163.2138062182225,0.0,binance,0.00013013459989638068
2023-08-18,1032403.4486994152,-47.78107579811769,-36.73094854902572,0.0,binance,-8.45120243470883e-05
2023-08-19,1032405.186458917,128.64135791809275,-126.9035984162077,0.0,binance,1.7377595017896965e-06
2023-08-20,1032320.717862422,51.456543167287236,-135.92513966219113,0.0,binance,-8.446859649498947e-05
2023-08-21,1031484.6508679017,36.75467369085976,84.17833178889451,957.0,bybit,-0.0008360669945202535
2023-08-22,1031318.2156743439,-117.61495581083481,-48.82023774704988,0.0,bybit,-0.0001664351935578743
2023-08-23,1031219.6786713878,-91.88668422723298,-6.650318728733799,0.0,bybit,-9.853700295602903e-05
2023-08-24,1031196.8155990347,113.93948844174884,-136.8025607950147,0.0,bybit,-2.286307235318236e-05
2023-08-25,1031212.1416135182,40.43014106002931,-25.104126576413524,0.0,bybit,1.5326014483580366e-05
2023-08-26,1031112.9560676556,-143.34322739452023,44.15768153189025,0.0,bybit,-9.918554586265237e-05
2023-08-27,1031272.799444715,73.5093473818031,86.33402967772832,0.0,bybit,0.000159843377059442
2023-08-28,1031311.44974423,0.0,38.65029951494968,0.0,bybit,3.865029951499309e-05
2023-08-29,1031354.6016331975,-58.80747790545919,101.9593668729012,0.0,bybit,4.315188896749169e-05
2023-08-30,1031520.0966811624,113.93948844183241,51.555559523080255,0.0,bybit,0.00016549504796485416
2023-08-31,1031471.0800180222,-18.37733684551345,-30.639326294627693,0.0,bybit,-4.901666314015165e-05
2023-09-01,1031324.5792372616,-121.29042317992078,-25.210357580651447,0.0,bybit,-0.00014650078076065983
2023-09-02,1031498.1767310161,154.36962950177815,19.2278642527385,0.0,bybit,0.00017359749375458341
2023-09-03,1030563.1789104957,-55.132010536373215,44.13419001596044,924.0,hyperliquid,-0.0009349978205204243
2023-09-04,1030661.5755616162,11.026402107257928,87.37024901325952,0.0,hyperliquid,9.839665112050716e-05
2023-09-05,1030701.8002755477,-135.99229265626468,176.21700658764036,0.0,hyperliquid,4.022471393144224e-05
2023-09-06,1030963.4935786066,143.34322739443664,118.35007566460804,0.0,hyperliquid,0.00026169330305897165
2023-09-07,1031065.514855317,-3.675467369002406,105.69674407935666,0.0,hyperliquid,0.00010202127671032213
2023-09-08,1031619.0221815733,14.701869476260335,538.8054567801234,0.0,hyperliquid,0.0005535073262563674
2023-09-09,1031725.8794119416,-73.50934738171952,180.36657775005705,0.0,hyperliquid,0.00010685723036830314
2023-09-10,1031818.5826430438,22.052804214515856,70.65042688762537,0.0,hyperliquid,9.270323110220489e-05
2023-09-11,1031913.5842881738,88.211216858147,6.7904282718509315,0.0,hyperliquid,9.50016451299889e-05
2023-09-12,1031763.5774013655,-51.456543167287236,-98.55034364109616,0.0,hyperliquid,-0.00015000688680831808
2023-09-13,1031887.6931563121,-51.45654316720367,175.57229811381694,0.0,hyperliquid,0.00012411575494660065
2023-09-14,1032153.0644731873,88.21121685806342,177.16010001726352,0.0,hyperliquid,0.0002653713168752147
2023-09-15,1032297.4561327137,-33.07920632177379,177.4708658481141,0.0,hyperliquid,0.00014439165952638723
2023-09-16,1032050.0710798609,-69.83388001271712,-177.5511728400782,0.0,hyperliquid,-0.00024738505285279823
2023-09-17,1032163.7566692398,29.40373895277138,84.28185042612031,0.0,hyperliquid,0.00011368558937893249
2023-09-18,1032252.6238812234,47.78107579811769,41.086136185466316,0.0,hyperliquid,8.886721198353916e-05
2023-09-19,1032509.3808662395,66.15841264363114,190.59857237253647,0.0,hyperliquid,0.0002567569850161672
2023-09-20,1032592.4601540641,-139.66776002535067,222.7470478499073,0.0,hyperliquid,8.30792878245702e-05
2023-09-21,1032778.7446795687,7.3509347381719525,178.93359076633493,0.0,hyperliquid,0.0001862845255045686
2023-09-22,1033052.5302438922,99.23761896540493,174.54794535805178,0.0,hyperliquid,0.000273785564323538
2023-09-23,1033172.9694288295,-55.132010536373215,175.57119547360622,0.0,hyperliquid,0.00012043918493727688
2023-09-24,1033381.6959127993,33.07920632177379,175.6472776481464,0.0,hyperliquid,0.00020872648396983278
2023-09-25,1033478.8138908225,-58.80747790537562,155.92545592849544,0.0,hyperliquid,9.711797802313231e-05
2023-09-26,1033631.8250675845,-22.052804214599426,175.06398097667193,0.0,hyperliquid,0.00015301117676205466
2023-09-27,1033829.5615365743,22.052804214599426,175.68366477510037,0.0,hyperliquid,0.0001977364689897513
2023-09-28,1033969.2070904833,7.3509347381719525,132.29461917080343,0.0,hyperliquid,0.00013964555390900933
2023-09-29,1034154.7764044757,47.78107579811769,137.78823819435428,0.0,hyperliquid,0.00018556931399239693
2023-09-30,1034020.2066752932,-11.026402107174357,-123.54332707536376,0.0,hyperliquid,-0.00013456972918251994
2023-10-01,1034052.9298988121,-44.105608429115286,76.82883194803112,0.0,hyperliquid,3.2723223518929445e-05
2023-10-02,1034043.9143561125,-117.61495581091837,108.5994131113945,0.0,hyperliquid,-9.015542699606158e-06
2023-10-03,1034291.2440469988,191.12430319272147,56.20538769361081,0.0,hyperliquid,0.00024732969088631215
2023-10-04,1034302.7653935627,-84.53574948906102,96.05709605302697,0.0,hyperliquid,1.1521346563939005e-05
2023-10-05,1034515.1777309845,47.78107579811769,164.63126162364324,0.0,hyperliquid,0.00021241233742178885
2023-10-06,1034538.5015269493,-99.23761896540493,122.56141493028305,0.0,hyperliquid,2.3323795964824966e-05
2023-10-07,1034778.618339985,58.80747790545919,181.30933513022848,0.0,hyperliquid,0.00024011681303568185
2023-10-08,1034838.3707320668,-117.61495581091837,177.3673478926875,0.0,hyperliquid,5.975239208177663e-05
2023-10-09,1035093.0383924026,158.0450968708641,96.62256346489649,0.0,hyperliquid,0.0002546676603357773
2023-10-10,1035237.7845456918,-29.40373895268781,174.14989224197942,0.0,hyperliquid,0.00014474615328921936
2023-10-11,1035406.8806703013,-3.6754673691695467,172.77159197857088,0.0,hyperliquid,0.00016909612460946663
2023-10-12,1035597.9402852682,18.37733684551345,172.68227812150204,0.0,hyperliquid,0.00019105961496697273
2023-10-13,1035774.1339752466,3.6754673690859763,172.51822260929222,0.0,hyperliquid,0.00017619368997833225
2023-10-14,1035879.0557044983,-66.15841264354758,171.080141895316,0.0,hyperliquid,0.00010492172925174236
2023-10-15,1036116.580945492,66.15841264354758,171.36682835010498,0.0,hyperliquid,0.0002375252409937093
2023-10-16,1036231.9886228055,-95.56215159631896,210.96982890977844,0.0,hyperliquid,0.0001154076773134293
2023-10-17,1036506.715241166,99.2376189654885,175.48899939506262,0.0,hyperliquid,0.00027472661836049517
2023-10-18,1036657.2556684958,77.1848147508055,73.35561257900862,0.0,hyperliquid,0.0001505404273298336
2023-10-19,1036521.2778900272,-80.86028211997505,-55.11749634872388,0.0,hyperliquid,-0.00013597777846863029
2023-10-20,1036553.3711474822,-44.105608429115286,76.19886588408912,0.0,hyperliquid,3.209325745503884e-05
2023-10-21,1036491.8611125121,22.052804214599426,-83.5628391847145,0.0,hyperliquid,-6.151003497012425e-05
2023-10-22,1036248.6868835256,-29.40373895268781,-213.77049003378087,0.0,hyperliquid,-0.0002431742289864924
2023-10-23,1035516.3972442538,80.86028211997505,77.85007860822301,891.0,binance,-0.0007322896392717958
2023-10-24,1035067.9553082848,-643.2067895906308,194.76485362172755,0.0,binance,-0.00044844193596893457
2023-10-25,1035838.0723106627,573.3729095779137,196.74409279998213,0.0,binance,0.0007701170023778686
2023-10-26,1035950.5452876242,-84.53574948906102,197.0087264505566,0.0,binance,0.00011247297696152236
2023-10-27,1036013.3932068086,-135.99229265626468,198.8402118405738,0.0,binance,6.28479191843653e-05
2023-10-28,1035322.7145434847,-257.28271583626906,457.60405251249375,891.0,hyperliquid,-0.0006906786633238662
2023-10-29,1035980.1532660767,25.728271583601835,631.710451008448,0.0,hyperliquid,0.0006574387225919636
2023-10-30,1037070.227014966,77.18481475088907,1012.8889341383868,0.0,hyperliquid,0.0010900737488892629
2023-10-31,1037693.2532986782,-165.39603160903607,788.4223153212635,0.0,hyperliquid,0.0006230262837122428
2023-11-01,1038191.4992296797,-73.5093473818031,571.7552783833066,0.0,hyperliquid,0.0004982459310014965
2023-11-02,1038589.4772285862,-80.86028211997505,478.8382810264578,0.0,hyperliquid,0.0003979779989065137
2023-11-03,1039489.7045108295,485.16169271976673,415.0655895235815,0.0,hyperliquid,0.0009002272822433152
2023-11-04,1040868.6926254722,36.754673690943335,1342.233440951634,0.0,hyperliquid,0.0013789881146426778
2023-11-05,1041443.4838725472,-275.6600526816989,850.4512997566393,0.0,hyperliquid,0.0005747912470749579
2023-11-06,1041997.4325576726,-88.211216858147,642.1599019835495,0.0,hyperliquid,0.0005539486851254478
2023-11-07,1042379.8604088124,3.6754673690859763,378.75238377073987,0.0,hyperliquid,0.00038242785113980064
2023-11-08,1043062.1553860938,88.211216858147,594.0837604232468,0.0,hyperliquid,0.000682294977281359
2023-11-09,1044982.9961119692,80.86028211989148,1839.980443755503,0.0,hyperliquid,0.0019208407258754596
2023-11-10,1046726.6408436564,-470.4598232434228,2214.1045549305722,0.0,hyperliquid,0.001743644731687149
2023-11-11,1048660.3120405339,77.18481475088907,1856.486382126536,0.0,hyperliquid,0.0019336711968774907
2023-11-12,1050106.7530584366,3.675467369002406,1442.7655505338785,0.0,hyperliquid,0.001446441017902689
2023-11-13,1051603.3373749333,-3.6754673689188353,1500.2597838656336,0.0,hyperliquid,0.0014965843164967373
2023-11-14,1052675.4434795794,-55.13201053628964,1127.2381151824645,0.0,hyperliquid,0.001072106104646111
2023-11-15,1053807.0461503987,301.38832426530075,830.2143465539374,0.0,hyperliquid,0.0011316026708192658
2023-11-16,1054703.926692477,-36.754673691110476,933.6352157692029,0.0,hyperliquid,0.0008968805420782883
2023-11-17,1055776.6688532536,161.72056424003367,911.0215965365292,0.0,hyperliquid,0.00107274216077663
2023-11-18,1056227.3535451596,-7.3509347381719525,458.03562664407553,0.0,hyperliquid,0.00045068469190597535
2023-11-19,1056801.155471827,-77.18481475088907,650.9867414182626,0.0,hyperliquid,0.0005738019266673364
2023-11-20,1058333.4744379804,-139.66776002535067,1671.9867261788504,0.0,hyperliquid,0.0015323189661535434
2023-11-21,1058535.543629075,-7.3509347381719525,209.42012583262147,0.0,hyperliquid,0.0002020691910944879
2023-11-22,1059148.076836011,209.5016400380678,403.0315668978943,0.0,hyperliquid,0.000612533206935972
2023-11-23,1059276.4153354177,-99.2376189654885,227.57611837232486,0.0,hyperliquid,0.0001283384994068183
2023-11-24,1059626.7173382342,88.21121685823057,262.0907859583781,0.0,hyperliquid,0.000350302002816461
2023-11-25,1059908.330280117,51.45654316737081,230.15639871545756,0.0,hyperliquid,0.0002816129418828059
2023-11-26,1060791.7701953165,202.15070529981227,681.2892098998045,0.0,hyperliquid,0.0008834399151995313
2023-11-27,1061204.6282016668,51.45654316737081,361.40146318289896,0.0,hyperliquid,0.00041285800635023045
2023-11-28,1061278.6922350612,-161.72056424003367,235.78459763445804,0.0,hyperliquid,7.406403339444659e-05
2023-11-29,1061505.74843556,-8.357045246815048e-11,227.0562004986607,0.0,hyperliquid,0.00022705620049871505
2023-11-30,1062221.2104349057,169.07149897812204,546.3905003675357,0.0,hyperliquid,0.0007154619993458036
2023-12-01,1062921.4876481912,-77.18481475088907,777.4620280363313,0.0,hyperliquid,0.0007002772132854443
2023-12-02,1064175.3225366648,25.728271583685405,1228.10661688983,0.0,hyperliquid,0.0012538348884736188
2023-12-03,1064986.69472458,-279.33552005086847,1090.7077079662527,0.0,hyperliquid,0.0008113721879152581
2023-12-04,1066291.9921527496,80.86028212005861,1224.4371460494294,0.0,hyperliquid,0.0013052974281695206
2023-12-05,1067373.9012368063,-7.3509347381719525,1089.2600187947585,0.0,hyperliquid,0.0010819090840567369
2023-12-06,1068422.454204156,-121.29042317992078,1169.8433905297904,0.0,hyperliquid,0.0010485529673497657
2023-12-07,1069533.1303470817,7.350934738004812,1103.3252081875603,0.0,hyperliquid,0.0011106761429256293
2023-12-08,1070769.9694705196,-253.60724846718307,1490.44637190495,0.0,hyperliquid,0.0012368391234378797
2023-12-09,1071996.7396385563,-294.03738952704526,1520.8075575636774,0.0,hyperliquid,0.0012267701680366882
2023-12-10,1073086.8060009764,66.15841264371471,1023.9079497764981,0.0,hyperliquid,0.001090066362420097
2023-12-11,1075099.156011967,121.29042317992078,1891.059587810713,0.0,hyperliquid,0.0020123500109906307
2023-12-12,1076403.1544173425,426.3542148143075,877.6441905612885,0.0,hyperliquid,0.0013039984053755179
2023-12-13,1077004.246690351,-294.0373895272124,895.1296625358162,0.0,hyperliquid,0.000601092273008544
2023-12-14,1078373.162887735,-18.37733684534631,1387.293534229349,0.0,hyperliquid,0.001368916197384009
2023-12-15,1079122.6122266296,29.40373895268781,720.0455999418941,0.0,hyperliquid,0.0007494493388945703
2023-12-16,1079818.057316082,3.6754673691695467,691.7696220832327,0.0,hyperliquid,0.0006954450894524343
2023-12-17,1080938.4900155978,194.79977056164032,925.6329289540286,0.0,hyperliquid,0.001120432699515717
2023-12-18,1081141.9012489489,-268.3091179433598,471.72035129432135,0.0,hyperliquid,0.00020341123335110024
2023-12-19,1081596.0401292061,128.64135791809275,325.4975223391788,0.0,hyperliquid,0.0004541388802572619
2023-12-20,1082567.8818234974,-22.052804214682997,993.8944985058445,0.0,hyperliquid,0.0009718416942912154
2023-12-21,1083597.4709499287,-246.256313728844,1275.8454401601612,0.0,hyperliquid,0.0010295891264313832
2023-12-22,1085985.9637114375,-33.079206321857356,2421.5719678306273,0.0,hyperliquid,0.0023884927615087947
2023-12-23,1087119.3132679772,-47.781075798201265,1181.1306323378979,0.0,hyperliquid,0.0011333495565396734
2023-12-24,1088252.480523584,124.9658905489232,1008.201365057844,0.0,hyperliquid,0.001133167255606735
2023-12-25,1089362.6344115268,102.91308633457447,1007.2408016084289,0.0,hyperliquid,0.0011101538879428991
2023-12-26,1089886.7849469152,-124.9658905489232,649.1164259372163,0.0,hyperliquid,0.000524150535388384
2023-12-27,1092017.6547882396,55.132010536373215,2075.7378307880535,0.0,hyperliquid,0.0021308698413243982
2023-12-28,1094294.3841834422,-147.01869476377334,2423.748089966353,0.0,hyperliquid,0.002276729395202594
2023-12-29,1095931.969485583,51.45654316737081,1586.1287589734306,0.0,hyperliquid,0.0016375853021407965
2023-12-30,1096728.860372244,154.369629501611,642.5212571593426,0.0,hyperliquid,0.0007968908866608981
2023-12-31,1097837.1400891906,-62.482945274545166,1170.7626622211183,0.0,hyperliquid,0.0011082797169466503
2024-01-01,1099367.9977270032,-143.34322739443664,1674.200865206979,0.0,hyperliquid,0.0015308576378126164
2024-01-02,1101040.9873970868,-224.20350951432812,1897.193179597759,0.0,hyperliquid,0.0016729896700836252
2024-01-03,1102397.8227972095,371.22220427793434,985.6131958447614,0.0,hyperliquid,0.0013568354001226835
2024-01-04,1103072.622614087,330.79206321807214,344.007753659596,0.0,hyperliquid,0.0006747998168775812
2024-01-05,1103340.3547412409,-25.728271583518264,293.46039873742126,0.0,hyperliquid,0.0002677321271537803
2024-01-06,1103813.4394048103,220.5280421453257,252.55662142414337,0.0,hyperliquid,0.00047308466356946156
2024-01-07,1104262.6212123604,202.15070529981227,247.03110225038841,0.0,hyperliquid,0.000449181807550136
2024-01-08,1104765.9418807426,51.45654316737081,451.86412521476416,0.0,hyperliquid,0.0005033206683821045
2024-01-09,1105390.2813022886,-455.75795376716246,1080.097375313378,0.0,hyperliquid,0.0006243394215460867
2024-01-10,1106838.217842463,242.5808463600087,1205.3556938144,0.0,hyperliquid,0.001447936540174298
2024-01-11,1107613.3476308547,-518.2408990417076,1293.3706874335323,0.0,hyperliquid,0.0007751297883917577
2024-01-12,1108950.5836636312,312.41472637272585,1024.8213064036665,0.0,hyperliquid,0.0013372360327765346
2024-01-13,1109303.6236670953,-58.80747790554276,411.84748136972416,0.0,hyperliquid,0.0003530400034640916
2024-01-14,1110107.363859834,154.369629501611,649.3705632369619,0.0,hyperliquid,0.0008037401927385945
2024-01-15,1110282.82645212,-404.30141059979167,579.7640028857986,0.0,hyperliquid,0.00017546259228605777
2024-01-16,1111123.022624309,374.897671647271,465.2985005416302,0.0,hyperliquid,0.0008401961721889675
2024-01-17,1111712.0100948322,154.369629501611,434.6178410215572,0.0,hyperliquid,0.0005889874705232214
2024-01-18,1112262.8193327512,-154.36962950177815,705.1788674208019,0.0,hyperliquid,0.0005508092379190493
2024-01-19,1113265.212329126,-25.728271583518264,1028.1212679582777,0.0,hyperliquid,0.0010023929963747505
2024-01-20,1113702.2018113423,3.675467369002406,433.31401484735113,0.0,hyperliquid,0.00043698948221630415
2024-01-21,1114233.739769515,84.53574948906102,447.00220868377056,0.0,hyperliquid,0.0005315379581728485
2024-01-22,1114743.3691619793,102.91308633457447,406.7163061296103,0.0,hyperliquid,0.0005096293924641796
2024-01-23,1114875.4408641844,-66.15841264354758,198.23011484858745,0.0,hyperliquid,0.00013207170220511035
2024-01-24,1115359.1210709277,393.2750084924502,90.40519825080052,0.0,hyperliquid,0.00048368020674330184
2024-01-25,1115445.6070885328,-194.79977056164032,281.28578816684393,0.0,hyperliquid,8.648601760505699e-05
2024-01-26,1115921.1165419037,84.53574948889388,390.9737038820175,0.0,hyperliquid,0.00047550945337093437
2024-01-27,1116477.8412137271,113.93948844191597,442.7851833814967,0.0,hyperliquid,0.0005567246718234382
2024-01-28,1116840.11736303,0.0,362.27614930305344,0.0,hyperliquid,0.00036227614930295387
2024-01-29,1117042.748977066,-14.701869476343905,217.3334835121875,0.0,hyperliquid,0.00020263161403592675
2024-01-30,1117355.9092221877,66.15841264354758,247.0018324781783,0.0,hyperliquid,0.00031316024512168954
2024-01-31,1117540.2314249745,-14.701869476343905,199.02407226320798,0.0,hyperliquid,0.00018432220278680325
2024-02-01,1117733.5105248878,44.10560842919885,149.1734914840423,0.0,hyperliquid,0.00019327909991331398
2024-02-02,1117791.5116128796,-73.50934738188667,131.5104353737672,0.0,hyperliquid,5.8001087991753595e-05
2024-02-03,1117613.2453887495,40.43014106002931,-218.69636518998266,0.0,hyperliquid,-0.0001782662241300568
2024-02-04,1117950.7226322312,7.3509347381719525,330.1263087435025,0.0,hyperliquid,0.0003374772434816696
2024-02-05,1117323.3630143441,14.701869476343905,248.93851263652408,891.0,binance,-0.0006273596178870648
2024-02-06,1117496.5165738661,-44.10560842903171,217.2591679510383,0.0,binance,0.0001731535595220048
2024-02-07,1117599.3053953687,-44.10560842903171,146.89442993166966,0.0,binance,0.00010278882150258868
2024-02-08,1117839.0985403156,-3.6754673691695467,243.46861231615702,0.0,binance,0.00023979314494691788
2024-02-09,1118052.7376724954,-33.079206321857356,246.71833850163443,0.0,binance,0.00021363913217978551
2024-02-10,1118453.2454179516,194.79977056180746,1096.7079748943302,891.0,hyperliquid,0.0004005077454561833
2024-02-11,1119014.7353065307,-102.91308633457447,664.4029749134872,0.0,hyperliquid,0.000561489888579119
2024-02-12,1119278.8440986716,25.728271583518264,238.38052055721195,0.0,hyperliquid,0.0002641087921408471
2024-02-13,1119877.2298719413,-746.1198759250382,1344.5056491948385,0.0,hyperliquid,0.0005983857732696924
2024-02-14,1121326.3963140845,11.026402107174357,1438.1400400361308,0.0,hyperliquid,0.0014491664421432651
2024-02-15,1122133.4579712893,-165.39603160878536,972.4576888136369,0.0,hyperliquid,0.0008070616572047584
2024-02-16,1122589.0921508293,-224.20350951466241,679.8376890546808,0.0,hyperliquid,0.0004556341795399785
2024-02-17,1123110.093445542,22.052804214682997,498.9484904981371,0.0,hyperliquid,0.0005210012947127688
2024-02-18,1123559.0275781483,135.99229265626468,312.9418399498354,0.0,hyperliquid,0.00044893413260625677
2024-02-19,1124700.8144492537,-308.7392590035563,1450.5261301090943,0.0,hyperliquid,0.0011417868711054325
2024-02-20,1125900.9278913536,224.20350951449527,975.9099325855241,0.0,hyperliquid,0.001200113442099886
2024-02-21,1126312.6333149164,-242.58084635984156,654.2862699226926,0.0,hyperliquid,0.0004117054235627875
2024-02-22,1127271.3912808036,246.256313728844,712.5016521583347,0.0,hyperliquid,0.0009587579658871982
2024-02-23,1128034.4680779828,124.96589054909033,638.1109066299863,0.0,hyperliquid,0.0007630767971791792
2024-02-24,1128353.514875825,106.58855370357688,212.45824413862078,0.0,hyperliquid,0.000319046797842253
2024-02-25,1129907.394958529,-242.58084635984156,1796.4609290638582,0.0,hyperliquid,0.001553880082703894
2024-02-26,1131077.5858418865,-319.76566111073066,1489.9565444680984,0.0,hyperliquid,0.0011701908833575436
2024-02-27,1133175.8858832766,-3.6754673691695467,2101.9755087593066,0.0,hyperliquid,0.0020983000413901175
2024-02-28,1136129.486657435,3.6754673691695467,2949.925306789301,0.0,hyperliquid,0.002953600774158491
2024-02-29,1137885.0211415223,-485.1616927198503,2240.6961768071433,0.0,hyperliquid,0.0017555344840872566
2024-03-01,1139388.1352274383,330.79206321807214,1172.3220226979488,0.0,hyperliquid,0.001503114085915964
2024-03-02,1141028.5594395567,238.90537899083915,1401.5188331275997,0.0,hyperliquid,0.001640424212118378
2024-03-03,1142391.8197586737,-231.55444425266722,1594.8147633696683,0.0,hyperliquid,0.0013632603191169911
2024-03-04,1144832.5863927086,-345.49393269441606,2786.2605667292464,0.0,hyperliquid,0.0024407666340349244
2024-03-05,1149313.9670786173,738.7689411870333,3742.611744721594,0.0,hyperliquid,0.00448138068590872
2024-03-06,1152915.6178132012,73.50934738171952,3528.1413872019994,0.0,hyperliquid,0.0036016507345838474
2024-03-07,1154038.1375235887,-735.0934738178638,1857.613184205514,0.0,hyperliquid,0.0011225197103875689
2024-03-08,1156390.0491673825,308.7392590035563,2043.1723847901028,0.0,hyperliquid,0.0023519116437938064
2024-03-09,1159458.777347161,95.56215159623538,2973.1660281823247,0.0,hyperliquid,0.003068728179778438
2024-03-10,1161731.2038405354,-106.58855370357688,2379.0150470779254,0.0,hyperliquid,0.002272426493374398
2024-03-11,1163364.27621889,40.430141059862166,1592.6422372946777,0.0,hyperliquid,0.0016330723783546128
2024-03-12,1164471.4065489827,-1054.8591349284272,2161.9894650210667,0.0,hyperliquid,0.0011071303300927394
2024-03-13,1168007.1254672732,554.9955727324003,2980.7233455581973,0.0,hyperliquid,0.0035357189182904547
2024-03-14,1172057.0991015912,88.21121685806342,3961.7624174597613,0.0,hyperliquid,0.004049973634317983
2024-03-15,1175533.113558542,246.25631372917826,3229.7581432218026,0.0,hyperliquid,0.0034760144569508265
2024-03-16,1177672.1944190885,176.42243371612685,1962.6584268306333,0.0,hyperliquid,0.0021390808605465574
2024-03-17,1180061.4503571233,124.96589054909033,2264.290047485613,0.0,hyperliquid,0.0023892559380347374
2024-03-18,1181971.9707567096,69.83388001271712,1840.68651957359,0.0,hyperliquid,0.0019105203995862976
2024-03-19,1182666.8570768088,-249.93178109818066,944.8181011974226,0.0,hyperliquid,0.0006948863200992346
2024-03-20,1183578.2107009913,231.55444425283434,679.7991799297206,0.0,hyperliquid,0.0009113536241825204
2024-03-21,1184608.6548996554,393.2750084924502,637.1691901715775,0.0,hyperliquid,0.001030444198664045
2024-03-22,1184957.2916005722,-385.9240737542782,734.5607746710845,0.0,hyperliquid,0.0003486367009168025
2024-03-23,1185207.8471084828,-117.61495581091837,368.1704637214663,0.0,hyperliquid,0.00025055550791067073
2024-03-24,1186023.8716405993,444.731551659821,371.2929804567158,0.0,hyperliquid,0.0008160245321164838
2024-03-25,1186855.5499095873,-271.98458531269654,1103.6628543005527,0.0,hyperliquid,0.0008316782689879183
2024-03-26,1188439.7773088156,-124.96589054909033,1709.193289777456,0.0,hyperliquid,0.0015842273992283736
2024-03-27,1190437.66505363,66.15841264371471,1931.729332170586,0.0,hyperliquid,0.00199788774481439
2024-03-28,1191756.785703707,-536.618235887054,1855.738885964136,0.0,hyperliquid,0.001319120650077006
2024-03-29,1194130.821753885,102.91308633440734,2271.122963843425,0.0,hyperliquid,0.002374036050177878
2024-03-30,1195754.8891937174,286.68645478904045,1337.3809850435096,0.0,hyperliquid,0.0016240674398324917
2024-03-31,1197768.7817587976,-102.91308633440734,2116.805651414665,0.0,hyperliquid,0.0020138925650801977
2024-04-01,1198657.5890617357,-183.7733684546331,1072.5806713925008,0.0,hyperliquid,0.0008888073029380757
2024-04-02,1200294.406474117,290.36192215820995,1346.4554902230561,0.0,hyperliquid,0.0016368174123812932
2024-04-03,1201570.3842155559,371.22220427793434,904.7555371609354,0.0,hyperliquid,0.0012759777414388955
2024-04-04,1202035.5955533267,-271.98458531269654,737.1959230835612,0.0,hyperliquid,0.00046521133777080106
2024-04-05,1203153.7518043588,69.83388001271712,1048.3223710194409,0.0,hyperliquid,0.0011181562510321381
2024-04-06,1203866.5206943739,165.39603160911963,547.3728584059832,0.0,hyperliquid,0.0007127688900150825
2024-04-07,1204461.7775780412,88.21121685823057,507.04566680917077,0.0,hyperliquid,0.0005952568836673162
2024-04-08,1205031.9838837085,-84.53574948922817,654.7420551565136,0.0,hyperliquid,0.0005702063056672923
2024-04-09,1205240.0800818065,-433.7051495524795,641.8013476506189,0.0,hyperliquid,0.00020809619809803554
2024-04-10,1206462.1366952376,338.1429979562441,883.9136154748759,0.0,hyperliquid,0.0012220566134310794
2024-04-11,1206994.3718681599,22.052804214515856,510.1823687078727,0.0,hyperliquid,0.0005322351729222573
2024-04-12,1207954.7194392488,36.75467369085976,923.5928973981032,0.0,hyperliquid,0.0009603475710889325
2024-04-13,1208683.0107256067,371.22220427810146,357.06908207986896,0.0,hyperliquid,0.0007282912863579113
2024-04-14,1210136.8777197937,893.1385706888115,560.7284234981538,0.0,hyperliquid,0.001453866994187003
2024-04-15,1210490.3542145707,150.6941621326086,202.78233264423145,0.0,hyperliquid,0.0003534764947770163
2024-04-16,1210601.6833796592,-260.9581832055222,372.287348293926,0.0,hyperliquid,0.00011132916508847848
2024-04-17,1211033.6806988025,47.781075798201265,384.2162433450763,0.0,hyperliquid,0.00043199731914326546
2024-04-18,1211571.6628950983,286.6864547888733,251.29574150716437,0.0,hyperliquid,0.0005379821962958667
2024-04-19,1211493.3381706884,-220.52804214515857,142.20331773513246,0.0,hyperliquid,-7.832472440996207e-05
2024-04-20,1211562.6775854742,-3.6754673691695467,73.01488215493762,0.0,hyperliquid,6.933941478584893e-05
2024-04-21,1211849.6737424945,-18.37733684551345,305.37349386586766,0.0,hyperliquid,0.0002869961570203304
2024-04-22,1212267.2481125875,158.0450968709477,259.5292732220372,0.0,hyperliquid,0.00041757437009294515
2024-04-23,1212026.7744514095,-143.34322739443664,-97.13043378355954,0.0,hyperliquid,-0.0002404736611780245
2024-04-24,1212308.476179921,-36.7546736910269,318.45640220251823,0.0,hyperliquid,0.00028170172851160166
2024-04-25,1212640.34377256,191.1243031926379,140.74328944630759,0.0,hyperliquid,0.00033186759263882415
2024-04-26,1212778.6513889513,-213.17710740715376,351.4847237986067,0.0,hyperliquid,0.00013830761639145204
2024-04-27,1213105.3982327832,-18.37733684534631,345.1241806770656,0.0,hyperliquid,0.0003267468438318465
2024-04-28,1213788.6514274445,95.56215159640253,587.6910430649165,0.0,hyperliquid,0.0006832531946613453
2024-04-29,1213953.3907858788,-158.0450968709477,322.7844553052587,0.0,hyperliquid,0.00016473935843422076
2024-04-30,1214409.2489999768,113.93948844158169,341.9187256562992,0.0,hyperliquid,0.0004558582140980288
2024-05-01,1214641.2275842023,3.6754673691695467,228.30311685640618,0.0,hyperliquid,0.00023197858422552235
2024-05-02,1215035.2833377765,139.66776002543423,254.38799354875283,0.0,hyperliquid,0.00039405575357424097
2024-05-03,1214893.882490121,-169.07149897812204,27.670651322667055,0.0,hyperliquid,-0.00014140084765548817
2024-05-04,1214733.8342861724,143.3432273946038,-303.39143134317163,0.0,hyperliquid,-0.00016004820394865238
2024-05-05,1213854.2455525799,-1.6714090493630097e-10,11.411266407787544,891.0,binance,-0.0008795887335925363
2024-05-06,1213909.7748537934,-227.87897688333052,283.4082780969989,0.0,binance,5.552930121356621e-05
2024-05-07,1214090.5064128041,-25.728271583685405,206.45983059436762,0.0,binance,0.00018073155901068822
2024-05-08,1214384.9618867442,18.37733684534631,276.07813709493286,0.0,binance,0.00029445547394012103
2024-05-09,1214756.875813981,44.10560842903171,327.808318807812,0.0,binance,0.00037191392723680473
2024-05-10,1215111.0848338841,84.53574948906102,269.6732704141583,0.0,binance,0.0003542090199030936
2024-05-11,1215222.371176098,-132.31682528709516,243.60316750107194,0.0,binance,0.00011128634221386165
2024-05-12,1215471.264599476,18.37733684534631,230.5160865327534,0.0,binance,0.0002488934233780019
2024-05-13,1215892.547912254,143.3432273946038,277.9400853833345,0.0,binance,0.0004212833127779886
2024-05-14,1216077.8692628923,-110.26402107274643,295.5853717111528,0.0,binance,0.000185321350638289
2024-05-15,1216290.1011125355,-77.18481475088907,289.4166643941883,0.0,binance,0.00021223184964316898
2024-05-16,1216834.9239552245,301.3883242653843,243.4345184235586,0.0,binance,0.0005448228426889982
2024-05-17,1216305.879770332,-147.0186947636062,508.974509870991,891.0,hyperliquid,-0.0005290441848924384
2024-05-18,1216975.4279634366,18.37733684551345,651.1708562589533,0.0,hyperliquid,0.0006695481931045652
2024-05-19,1217363.3736525674,-69.83388001271712,457.77956914344895,0.0,hyperliquid,0.00038794568913080727
2024-05-20,1217817.629499655,-44.10560842919885,498.3614555168876,0.0,hyperliquid,0.00045425584708759563
2024-05-21,1218799.3041546145,-1404.028534992013,2385.7031899513054,0.0,hyperliquid,0.0009816746549594683
2024-05-22,1220746.9953221192,-51.45654316720367,1999.147710671842,0.0,hyperliquid,0.0019476911675047595
2024-05-23,1223840.1842643775,77.18481475072193,3016.004127507532,0.0,hyperliquid,0.0030931889422582464
2024-05-24,1225246.3977514242,492.5126274580222,913.700859588793,0.0,hyperliquid,0.0014062134870467707
2024-05-25,1226226.7831998586,-51.45654316720367,1031.8419916015014,0.0,hyperliquid,0.0009803854484343902
2024-05-26,1227450.2228211681,-213.17710740715376,1436.6167287167382,0.0,hyperliquid,0.0012234396213095168
2024-05-27,1229275.2134771484,308.7392590033891,1516.251396976939,0.0,hyperliquid,0.0018249906559803057
2024-05-28,1230373.4559049108,-297.71285689621476,1395.9552846585766,0.0,hyperliquid,0.001098242427762365
2024-05-29,1230739.5327255595,-161.7205642399501,527.7973848887391,0.0,hyperliquid,0.000366076820648741
2024-05-30,1231125.5906930002,-91.88668422723298,477.94465166803855,0.0,hyperliquid,0.00038605796744069085
2024-05-31,1231798.7810125425,33.079206321857356,640.1111132204779,0.0,hyperliquid,0.0006731903195423074
2024-06-01,1232986.968067758,154.36962950177815,1033.8174257135695,0.0,hyperliquid,0.0011881870552154724
2024-06-02,1234117.1432406837,143.3432273946038,986.8319455310436,0.0,hyperliquid,0.001130175172925694
2024-06-03,1235058.4462734803,-510.8899643035357,1452.1929971001005,0.0,hyperliquid,0.0009413030327965971
2024-06-04,1236218.6995951887,363.8712695399295,796.38205216847,0.0,hyperliquid,0.001160253321708413
2024-06-05,1237897.9621371508,-297.71285689638194,1976.9753988585333,0.0,hyperliquid,0.001679262541962089
2024-06-06,1238936.3259966502,102.91308633457447,935.4507731648557,0.0,hyperliquid,0.001038363859499339
2024-06-07,1240499.7861186552,110.26402107257928,1453.1961009325996,0.0,hyperliquid,0.0015634601220050827
2024-06-08,1242186.9673753513,290.36192215804283,1396.8193345381442,0.0,hyperliquid,0.0016871812566961162
2024-06-09,1243278.4821857957,356.52033480175754,734.9944756423658,0.0,hyperliquid,0.0010915148104443215
2024-06-10,1243554.0650716552,-268.309117943527,543.8920038029837,0.0,hyperliquid,0.00027558288585953413
2024-06-11,1244578.9353267534,-194.79977056180746,1219.6700256599968,0.0,hyperliquid,0.0010248702550982125
2024-06-12,1245833.1762865426,352.844867432588,901.3960923566204,0.0,hyperliquid,0.0012542409597891384
2024-06-13,1246669.379576799,194.79977056180746,641.4035196947802,0.0,hyperliquid,0.0008362032902564388
2024-06-14,1247728.5194558261,194.79977056180746,864.3401084653585,0.0,hyperliquid,0.0010591398790271488
2024-06-15,1249049.1519823875,396.95047586161974,923.6820506997308,0.0,hyperliquid,0.001320632526561385
2024-06-16,1249508.3523031734,-158.0450968709477,617.2454176567669,0.0,hyperliquid,0.0004592003207858652
2024-06-17,1250895.689973174,213.17710740715376,1174.1605625933207,0.0,hyperliquid,0.0013873376700005028
2024-06-18,1251575.05001469,169.07149897812204,510.28854253801046,0.0,hyperliquid,0.0006793600415161346
2024-06-19,1251642.2369012104,-301.3883242652172,368.57521078542504,0.0,hyperliquid,6.71868865203578e-05
2024-06-20,1252463.4313018138,213.17710740715376,608.0172931962198,0.0,hyperliquid,0.0008211944006034173
2024-06-21,1252947.6288956986,51.45654316720367,432.7410507177408,0.0,hyperliquid,0.0004841975938847754
2024-06-22,1253319.6070476493,-180.0979010852964,552.0760530362367,0.0,hyperliquid,0.00037197815195075235
2024-06-23,1254053.4989982373,69.83388001271712,664.0580705753777,0.0,hyperliquid,0.0007338919505879748
2024-06-24,1254639.7568833716,7.350934738004812,578.9069503962933,0.0,hyperliquid,0.0005862578851343133
2024-06-25,1254840.9420272384,-286.6864547888733,487.87159865550285,0.0,hyperliquid,0.00020118514386680908
2024-06-26,1255615.7015124501,400.6259432306221,374.13354198107686,0.0,hyperliquid,0.000774759485211689
2024-06-27,1256016.4253971572,-312.4147263725587,713.1386110797521,0.0,hyperliquid,0.0004007238847070839
2024-06-28,1256425.9430660084,-327.1165958489026,736.6342647000317,0.0,hyperliquid,0.00040951766885118557
2024-06-29,1257000.7310305235,202.1507052999794,372.6372592151206,0.0,hyperliquid,0.0005747879645151551
2024-06-30,1257609.0219497934,191.1243031926379,417.16661607724046,0.0,hyperliquid,0.0006082909192699008
2024-07-01,1258534.329736433,99.23761896540493,826.0701676741085,0.0,hyperliquid,0.000925307786639547
2024-07-02,1259638.2882509434,106.58855370357688,997.3699608067761,0.0,hyperliquid,0.0011039585145104212
2024-07-03,1259721.1314274461,-297.71285689621476,380.5560333989719,0.0,hyperliquid,8.284317650273442e-05
2024-07-04,1259916.216204434,-66.15841264371471,261.24318963156225,0.0,hyperliquid,0.00019508477698778733
2024-07-05,1260048.7747696757,-124.96589054909033,257.52445579081024,0.0,hyperliquid,0.00013255856524175034
2024-07-06,1260332.228421235,374.897671647271,-91.44402008811095,0.0,hyperliquid,0.0002834536515593063
2024-07-07,1260277.011286104,-29.40373895268781,-25.813396178271283,0.0,hyperliquid,-5.521713513089344e-05
2024-07-08,1260163.023292342,-213.1771074073209,99.18911364501669,0.0,hyperliquid,-0.00011398799376212992
2024-07-09,1260766.3430989555,271.98458531269654,331.33522130085925,0.0,hyperliquid,0.0006033198066134937
2024-07-10,1261000.8051164642,36.75467369085976,197.70734381803098,0.0,hyperliquid,0.0002344620175086893
2024-07-11,1261403.1036928967,124.96589054909033,277.33268588337626,0.0,hyperliquid,0.0004022985764325131
2024-07-12,1261517.4307195835,-224.20350951432812,338.53053620114827,0.0,hyperliquid,0.00011432702668686397
2024-07-13,1261696.326017068,-249.93178109818066,428.8270785827397,0.0,hyperliquid,0.0001788952974844724
2024-07-14,1262613.7474141687,470.45982324333926,446.961573857403,0.0,hyperliquid,0.0009174213971006684
2024-07-15,1262854.1921839942,-91.88668422723298,332.33145405293783,0.0,hyperliquid,0.00024044476982555351
2024-07-16,1263423.560991643,-36.75467369085976,606.1234813395408,0.0,hyperliquid,0.0005693688076487742
2024-07-17,1263767.8084869878,-102.91308633457447,447.1605816793767,0.0,hyperliquid,0.00034424749534484
2024-07-18,1264056.4549699528,-95.56215159623538,384.2086345612327,0.0,hyperliquid,0.0002886464829649776
2024-07-19,1264877.0552276233,169.07149897812204,651.5287586922464,0.0,hyperliquid,0.0008206002576705068
2024-07-20,1265208.0876664075,-55.132010536206074,386.16444932031686,0.0,hyperliquid,0.0003310324387841392
2024-07-21,1265948.5540821904,44.10560842886457,696.3608073540978,0.0,hyperliquid,0.0007404664157829248
2024-07-22,1266807.0261974994,58.80747790537562,799.6646374034494,0.0,hyperliquid,0.0008584721153089776
2024-07-23,1268344.1117653875,-40.430141059862166,1577.5157089481145,0.0,hyperliquid,0.0015370855678881053
2024-07-24,1269087.7593392793,-7.3509347381719525,750.9985086298414,0.0,hyperliquid,0.0007436475738917943
2024-07-25,1269525.3677079086,33.079206321857356,404.52916230740277,0.0,hyperliquid,0.00043760836862935683
2024-07-26,1269952.494138417,77.18481475072193,349.941615757731,0.0,hyperliquid,0.0004271264305084478
2024-07-27,1270309.990303984,-3.675467369002406,361.1716329356737,0.0,hyperliquid,0.00035749616556684486
2024-07-28,1270318.976086608,-349.16940006341844,358.1551826874349,0.0,hyperliquid,8.985782623989508e-06
2024-07-29,1271418.0281981453,474.13529061234163,624.9168209252376,0.0,hyperliquid,0.0010990521115374285
2024-07-30,1271978.9409265516,-488.83716008885267,1049.7498884949628,0.0,hyperliquid,0.0005609127284062561
2024-07-31,1272620.3377083042,84.53574948906102,556.8610322635977,0.0,hyperliquid,0.0006413967817525845
2024-08-01,1273003.0265886947,80.86028212005861,301.8285982704364,0.0,hyperliquid,0.0003826888803904876
2024-08-02,1273438.301768047,180.09790108546355,255.1772782670951,0.0,hyperliquid,0.0004352751793523785
2024-08-03,1273628.8728569418,-84.53574948906102,275.10683838379674,0.0,hyperliquid,0.00019057108889473603
2024-08-04,1273879.198450159,69.83388001271712,180.49171320461772,0.0,hyperliquid,0.00025032559321727606
2024-08-05,1273884.5333822828,-143.3432273946038,148.67815951840237,0.0,hyperliquid,5.334932123776525e-06
2024-08-06,1274075.1124368894,-55.132010536206074,245.7110651428698,0.0,hyperliquid,0.00019057905460661276
2024-08-07,1273736.2239583754,113.93948844158169,-452.8279669557662,0.0,hyperliquid,-0.0003388884785140399
2024-08-08,1273330.4731678693,-29.40373895268781,-376.3470515534418,0.0,hyperliquid,-0.00040575079050613567
2024-08-09,1272752.8101280876,-176.422433716294,-401.2406060654456,0.0,hyperliquid,-0.0005776630397816188
2024-08-10,1272900.719135573,-3.675467369002406,151.58447485407837,0.0,hyperliquid,0.00014790900748525747
2024-08-11,1273275.635548173,91.88668422723298,283.02972837291514,0.0,hyperliquid,0.00037491641260008326
2024-08-12,1273399.2775353757,-158.04509687078055,281.6870840735316,0.0,hyperliquid,0.00012364198720268905
2024-08-13,1273844.4170334474,158.04509687078055,287.09440120098685,0.0,hyperliquid,0.00044513949807174503
2024-08-14,1274240.4862464594,102.91308633440734,293.15612667747774,0.0,hyperliquid,0.00039606921301200054
2024-08-15,1274203.2473509964,73.50934738171952,-110.74824284474488,0.0,hyperliquid,-3.723889546305872e-05
2024-08-16,1273978.162512073,-169.07149897795492,-56.01333994541372,0.0,hyperliquid,-0.00022508483892329969
2024-08-17,1273927.4010048767,7.350934738004812,-58.11244193430937,0.0,hyperliquid,-5.0761507196351884e-05
2024-08-18,1273966.4478499086,51.45654316753795,-12.40969813575839,0.0,hyperliquid,3.904684503190219e-05
2024-08-19,1274184.4523461252,55.132010536206074,162.87248568022318,0.0,hyperliquid,0.00021800449621654116
2024-08-20,1274304.0747466686,-102.91308633440734,222.53548687784638,0.0,hyperliquid,0.00011962240054341964
2024-08-21,1274307.19389084,36.75467369069262,-33.635529519293414,0.0,hyperliquid,3.1191441714763643e-06
2024-08-22,1274602.7669909853,14.701869476511046,280.87123066851177,0.0,hyperliquid,0.0002955731001452077
2024-08-23,1274726.4832226287,-165.39603160911963,289.11226325256587,0.0,hyperliquid,0.0001237162316434551
2024-08-24,1275038.8746218272,7.3509347381719525,305.04046446039126,0.0,hyperliquid,0.00031239139919844456
2024-08-25,1275558.7446653114,257.2827158363526,262.58732764786794,0.0,hyperliquid,0.0005198700434842613
2024-08-26,1275655.0367479436,11.026402107174357,85.26568052490131,0.0,hyperliquid,9.629208263219334e-05
2024-08-27,1275712.3582230485,-150.69416213277574,208.015637237541,0.0,hyperliquid,5.732147510489449e-05
2024-08-28,1275984.4771711435,44.10560842919885,228.01333966582203,0.0,hyperliquid,0.00027211894809501245
2024-08-29,1276122.3132565173,-124.96589054909033,262.80197592283747,0.0,hyperliquid,0.0001378360853737686
2024-08-30,1276507.5105577868,113.93948844174884,271.2578128278712,0.0,hyperliquid,0.0003851973012695089
2024-08-31,1276455.1150015276,-117.61495581075124,65.21939955172664,0.0,hyperliquid,-5.2395556259201836e-05
2024-09-01,1276317.5408037738,33.079206321857356,-170.65340407564776,0.0,hyperliquid,-0.0001375741977537982
2024-09-02,1276488.4323652855,25.728271583518264,145.16328992810563,0.0,hyperliquid,0.00017089156151167117
2024-09-03,1276303.614645331,29.40373895268781,-214.22145890722786,0.0,hyperliquid,-0.00018481771995453164
2024-09-04,1276348.130397282,-3.675467369002406,48.19121932003855,0.0,hyperliquid,4.451575195114128e-05
2024-09-05,1275368.0150419082,-69.83388001271712,-19.281475361125803,891.0,binance,-0.0009801153553738258
2024-09-06,1275638.8467000006,161.7205642399501,109.11109385250236,0.0,binance,0.0002708316580923274
2024-09-07,1275680.155414489,22.052804214515856,19.255910274045068,0.0,binance,4.1308714488521216e-05
2024-09-08,1275703.516856327,-62.482945274545166,85.84438711247486,0.0,binance,2.3361441837856547e-05
2024-09-09,1275737.2934693506,11.026402107341498,22.75021091613808,0.0,binance,3.377661302359775e-05
2024-09-10,1275689.315384201,-29.40373895268781,-18.574346196726605,0.0,binance,-4.7978085149545225e-05
2024-09-11,1274748.4880810077,-158.0450968709477,108.21779367776175,891.0,hyperliquid,-0.0009408273031932768
2024-09-12,1275179.1624401677,172.7469663472916,257.9273928127906,0.0,hyperliquid,0.00043067435916000976
2024-09-13,1275257.4207898336,-147.0186947636062,225.27704442939483,0.0,hyperliquid,7.825834966590628e-05
2024-09-14,1275551.990387036,25.728271583685405,268.8413256185644,0.0,hyperliquid,0.00029456959720235317
2024-09-15,1275845.8391597318,44.10560842903171,249.7431642667164,0.0,hyperliquid,0.0002938487726957537
2024-09-16,1276134.1630352337,33.079206321857356,255.24466918009227,0.0,hyperliquid,0.0002883238755019847
2024-09-17,1276321.0175479837,-66.15841264371471,253.01292539358133,0.0,hyperliquid,0.0001868545127499383
2024-09-18,1276462.625446891,51.45654316720367,90.15135574007763,0.0,hyperliquid,0.0001416078989072703
2024-09-19,1276527.190990124,-143.34322739443664,207.90877062737997,0.0,hyperliquid,6.456554323295131e-05
2024-09-20,1276747.2719205879,-55.132010536373215,275.212941000284,0.0,hyperliquid,0.0002200809304639697
2024-09-21,1277256.0735818534,161.7205642399501,347.0810970255445,0.0,hyperliquid,0.0005088016612655483
2024-09-22,1277525.7723385098,-36.75467369085976,306.4534303471089,0.0,hyperliquid,0.0002696987566563766
2024-09-23,1277817.5970267383,14.701869476343905,277.1228187522902,0.0,hyperliquid,0.0002918246882285457
2024-09-24,1278153.8851561663,36.75467369085976,299.5334557371484,0.0,hyperliquid,0.00033628812942793594
2024-09-25,1278476.13116012,22.052804214515856,300.1931997393759,0.0,hyperliquid,0.00032224600395374
2024-09-26,1278756.8155766954,-3.675467369002406,284.3598839443334,0.0,hyperliquid,0.00028068441657535734
2024-09-27,1279010.1831846903,-36.75467369085976,290.1222816855916,0.0,hyperliquid,0.0002533676079949364
2024-09-28,1279253.9282902183,-66.15841264371471,309.9035181718002,0.0,hyperliquid,0.00024374510552803986
2024-09-29,1279692.1075861994,143.3432273946038,294.8360685864486,0.0,hyperliquid,0.00043817929598107
2024-09-30,1280005.77140282,7.350934738004812,306.3128818826189,0.0,hyperliquid,0.00031366381662059574
2024-10-01,1280308.6210553756,-209.5016400379842,512.3512925936548,0.0,hyperliquid,0.00030284965255553836
2024-10-02,1280626.965575986,66.15841264371471,252.18610796685394,0.0,hyperliquid,0.00031834452061052434
2024-10-03,1280942.9088161623,58.80747790537562,257.13576227077056,0.0,hyperliquid,0.0003159432401761878
2024-10-04,1281088.234649083,-11.026402107174357,156.35223502807276,0.0,hyperliquid,0.00014532583292084747
2024-10-05,1281307.537546819,-11.02640210750864,230.3292998434028,0.0,hyperliquid,0.0002193028977359645
2024-10-06,1281499.881424734,77.18481475088907,115.15906316388687,0.0,hyperliquid,0.00019234387791482733
2024-10-07,1281668.5833036704,7.3509347381719525,161.3509441983416,0.0,hyperliquid,0.00016870187893649563
2024-10-08,1281424.9062809881,-113.93948844174884,-129.7375342405983,0.0,hyperliquid,-0.00024367702268227005
2024-10-09,1281626.1008181155,33.079206321857356,168.1153308054731,0.0,hyperliquid,0.0002011945371273905
2024-10-10,1280778.909240779,-62.482945274545166,106.29136793811848,891.0,binance,-0.0008471915773365181
2024-10-11,1281141.7026546667,139.66776002543423,223.1256538623036,0.0,binance,0.00036279341388773174
2024-10-12,1281259.854293953,-77.18481475088907,195.33645403716673,0.0,binance,0.00011815163928619585
2024-10-13,1281486.9333675525,102.91308633457447,124.16598726506244,0.0,binance,0.0002270790735995397
2024-10-14,1281657.9970970526,-69.83388001271712,240.89760951277776,0.0,binance,0.00017106372950016522
2024-10-15,1281870.682059379,-77.18481475088907,289.86977707733513,0.0,binance,0.00021268496232642792
2024-10-16,1282139.7123040203,-18.37733684551345,287.40758148678225,0.0,binance,0.0002690302446412388
2024-10-17,1282368.7369240827,-58.80747790537562,287.83209796791203,0.0,binance,0.00022902462006243877
2024-10-18,1282681.704073201,25.728271583518264,287.2388775345411,0.0,binance,0.00031296714911819434
2024-10-19,1283075.8365682308,102.91308633457447,291.2194086952648,0.0,binance,0.00039413249502982947
2024-10-20,1283250.141197649,-117.61495581091837,291.9195852290763,0.0,binance,0.00017430462941830046
2024-10-21,1283255.321401359,-297.71285689621476,302.8930606062293,0.0,binance,5.180203709984198e-06
2024-10-22,1283608.1611231375,58.80747790554276,294.03224387282876,0.0,binance,0.0003528397217784077
2024-10-23,1284239.068696271,341.8184653252465,289.08910780814057,0.0,binance,0.0006309075731334743
2024-10-24,1284418.1209268898,-99.23761896540493,278.28984958428236,0.0,binance,0.0001790522306188941
2024-10-25,1284580.0682674665,-117.61495581075124,279.56229638746106,0.0,binance,0.00016194734057667666
2024-10-26,1284885.8781789767,36.75467369085976,269.05523781944544,0.0,binance,0.0003058099115102086
2024-10-27,1285137.5050856255,-22.052804214515856,273.6797108632336,0.0,binance,0.0002516269066487439
2024-10-28,1285458.0657503281,44.10560842903171,276.4550562736329,0.0,binance,0.0003205606647026725
2024-10-29,1285895.4257846323,154.369629501611,282.9904048026107,0.0,binance,0.00043736003430420534
2024-10-30,1285638.7987721749,-547.6446379942283,291.01762553670176,0.0,binance,-0.00025662701245746577
2024-10-31,1286049.6443524254,117.61495581091837,293.23062443963045,0.0,binance,0.00041084558025049047
2024-11-01,1286474.3486499377,147.0186947636062,277.68560274880406,0.0,binance,0.00042470429751230405
2024-11-02,1286633.669501532,-117.61495581108552,276.9358074055099,0.0,binance,0.0001593208515944425
2024-11-03,1287165.9076829555,257.2827158363526,274.9554655870445,0.0,binance,0.0005322381814233958
2024-11-04,1287367.0255819247,-69.83388001271712,270.95177898189553,0.0,binance,0.00020111789896921255
2024-11-05,1287785.7377649853,154.36962950177815,264.3425535587991,0.0,binance,0.0004187121830605902
2024-11-06,1288173.3460500268,124.96589054909033,262.6423944923678,0.0,binance,0.000387608285041526
2024-11-07,1287719.595707749,-665.2595938051467,1102.5092515272681,891.0,hyperliquid,-0.00045375034227781
2024-11-08,1288630.4366773868,121.29042317975365,789.5505464579744,0.0,hyperliquid,0.0009108409696377348
2024-11-09,1289735.1147257506,-29.40373895252067,1134.0817873162514,0.0,hyperliquid,0.0011046780483638867
2024-11-10,1290969.8831364359,-165.39603160911963,1400.1644422943605,0.0,hyperliquid,0.0012347684106852393
2024-11-11,1292645.5087892506,-430.02968218347706,2105.655334998201,0.0,hyperliquid,0.0016756256528147496
2024-11-12,1294493.6825308206,-529.2673011487149,2377.4410427187318,0.0,hyperliquid,0.0018481737415699754
2024-11-13,1295702.1804445288,452.0824863979929,756.4154273100812,0.0,hyperliquid,0.001208497913708212
2024-11-14,1297514.1064190804,169.07149897795492,1642.8544755737346,0.0,hyperliquid,0.0018119259745515883
2024-11-15,1297979.776180063,-180.0979010852964,645.7676620679069,0.0,hyperliquid,0.000465669760982506
2024-11-16,1299533.1718347808,180.09790108546355,1373.2977536325866,0.0,hyperliquid,0.0015533956547179259
2024-11-17,1299960.5350241428,-33.079206321857356,460.44239568389855,0.0,hyperliquid,0.0004273631893619895
2024-11-18,1301770.9146868843,-99.23761896557207,1909.6172817070988,0.0,hyperliquid,0.0018103796627414414
2024-11-19,1303445.7775370406,-209.5016400379842,1884.3644901944544,0.0,hyperliquid,0.0016748628501563798
2024-11-20,1304769.8880802682,290.36192215804283,1033.7486210695386,0.0,hyperliquid,0.0013241105432275216
2024-11-21,1306159.763817433,294.03738952704526,1095.838347637844,0.0,hyperliquid,0.001389875737164868
2024-11-22,1307679.9323488323,-635.8558548522917,2156.0243862516136,0.0,hyperliquid,0.0015201685313992203
2024-11-23,1309904.637911764,202.1507052999794,2022.55485763164,0.0,hyperliquid,0.002224705562931718
2024-11-24,1311264.2585301301,-55.132010536540356,1414.7526289026723,0.0,hyperliquid,0.0013596206183661707
2024-11-25,1313098.0063131456,235.22991162183675,1598.5178713935034,0.0,hyperliquid,0.001833747783015482
2024-11-26,1314215.4427240577,-238.90537899083915,1356.341789903001,0.0,hyperliquid,0.0011174364109120798
2024-11-27,1315983.1183645183,-3.6754673691695467,1771.35110782967,0.0,hyperliquid,0.0017676756404605694
2024-11-28,1316764.7295609734,-69.83388001254998,851.4450764676974,0.0,hyperliquid,0.00078161119645508
2024-11-29,1318024.0692231245,-58.80747790537562,1318.1471400566688,0.0,hyperliquid,0.0012593396621511785
2024-11-30,1320760.5240932321,180.09790108512925,2556.3569690223926,0.0,hyperliquid,0.002736454870107584
2024-12-01,1322195.19915421,51.45654316753795,1383.2185178102231,0.0,hyperliquid,0.0014346750609779265
2024-12-02,1323058.139450095,-536.618235887054,1399.558531771809,0.0,hyperliquid,0.0008629402958848513
2024-12-03,1324846.1900871412,286.68645478870616,1501.3641822574946,0.0,hyperliquid,0.0017880506370463408
2024-12-04,1327402.5830937056,187.44883582380265,2368.944170740328,0.0,hyperliquid,0.0025563930065643507
2024-12-05,1330644.9856619304,-227.87897688349767,3470.281545108409,0.0,hyperliquid,0.0032424025682248176
2024-12-06,1334258.806542493,312.41472637239156,3301.4061541900883,0.0,hyperliquid,0.003613820880562533
2024-12-07,1336288.9923286808,-290.36192215804283,2320.547708345817,0.0,hyperliquid,0.0020301857861878816
2024-12-08,1337408.982447278,-257.2827158363526,1377.2728344335603,0.0,hyperliquid,0.0011199901185971685
2024-12-09,1339304.0114649413,154.3696295019453,1740.6593881615534,0.0,hyperliquid,0.001895029017663328
2024-12-10,1341515.772454716,959.296983332192,1252.464006442593,0.0,hyperliquid,0.002211760989774717
2024-12-11,1342412.316845799,139.66776002543423,756.8766310575655,0.0,hyperliquid,0.0008965443910830654
2024-12-12,1343949.5279109033,569.6974422089113,967.5136228953995,0.0,hyperliquid,0.0015372110651042312
2024-12-13,1344926.0120507746,-110.26402107274643,1086.7481609440824,0.0,hyperliquid,0.0009764841398713179
2024-12-14,1345467.2711622487,47.781075798201265,493.4780356758125,0.0,hyperliquid,0.0005412591114740353
2024-12-15,1347184.2386242608,180.09790108546355,1536.869560926663,0.0,hyperliquid,0.0017169674620120786
2024-12-16,1349539.2637385672,-407.9768779689612,2763.0019922753927,0.0,hyperliquid,0.0023550251143064816
2024-12-17,1351217.7658568744,327.11659584873547,1351.3855224585534,0.0,hyperliquid,0.0016785021183071658
2024-12-18,1352589.3622383226,264.6336505746917,1106.9627308735805,0.0,hyperliquid,0.0013715963814482093
2024-12-19,1352862.4637969562,-297.71285689621476,570.8144155297739,0.0,hyperliquid,0.00027310155863361434
2024-12-20,1352635.5219964625,-393.2750084926173,166.33320799891965,0.0,hyperliquid,-0.000226941800493747
2024-12-21,1353027.7911121547,367.5467369087648,24.722378783331195,0.0,hyperliquid,0.0003922691156922374
2024-12-22,1353256.7795124499,-3.675467369002406,232.66386766408456,0.0,hyperliquid,0.00022898840029514394
2024-12-23,1353440.6257213997,-106.58855370357688,290.43476265344236,0.0,hyperliquid,0.00018384620894980618
2024-12-24,1354255.9754940148,279.33552005086847,536.0142525641954,0.0,hyperliquid,0.0008153497726151253
2024-12-25,1354461.9077378146,-216.8525747763233,422.78481857623535,0.0,hyperliquid,0.00020593224379979075
2024-12-26,1354876.7647231517,29.40373895268781,385.4532463843982,0.0,hyperliquid,0.00041485698533710093
2024-12-27,1355472.1702218738,227.87897688349767,367.52652183840195,0.0,hyperliquid,0.0005954054987221025
2024-12-28,1355679.3255852992,-176.42243371612685,383.5777971413774,0.0,hyperliquid,0.00020715536342537963
2024-12-29,1356080.2304965032,25.728271583518264,375.17663962042445,0.0,hyperliquid,0.0004009049112040084
2024-12-30,1356543.1037299915,-169.07149897812204,631.9447324664502,0.0,hyperliquid,0.00046287323348829525
2024-12-31,1357174.5600504032,260.958183205355,370.4981372063107,0.0,hyperliquid,0.0006314563204117585
2025-01-01,1357395.819566506,-194.79977056164032,416.0592866644465,0.0,hyperliquid,0.0002212595161027275
2025-01-02,1357931.4794797758,-58.80747790554276,594.4673911755369,0.0,hyperliquid,0.000535659913269803
2025-01-03,1358356.8153214888,-69.83388001271712,495.1697217255428,0.0,hyperliquid,0.00042533584171300755
2025-01-04,1358897.3843909623,91.88668422723298,448.6823852463399,0.0,hyperliquid,0.0005405690694735385
2025-01-05,1359226.9980993418,-73.50934738171952,403.1230557612951,0.0,hyperliquid,0.0003296137083794456
2025-01-06,1359679.2599485472,51.45654316720367,400.8053060383473,0.0,hyperliquid,0.0004522618492054753
2025-01-07,1360335.5940373936,249.93178109818066,406.4023077479965,0.0,hyperliquid,0.0006563340888463427
2025-01-08,1360922.7105071293,80.86028211989148,506.2561876159693,0.0,hyperliquid,0.0005871164697357454
2025-01-09,1361165.2606959012,-11.026402107341498,253.57659087927203,0.0,hyperliquid,0.0002425501887719147
2025-01-10,1360881.0137539648,-349.16940006341844,64.92245812691499,0.0,hyperliquid,-0.0002842469419364352
2025-01-11,1361454.259124825,213.17710740715376,360.0682634530459,0.0,hyperliquid,0.0005732453708602116
2025-01-12,1361610.3029297134,-205.8261726689818,361.86997755737343,0.0,hyperliquid,0.0001560438048883807
2025-01-13,1362198.2711202141,227.87897688366482,360.0892136170497,0.0,hyperliquid,0.0005879681905007455
2025-01-14,1362300.942529472,-80.86028212005861,183.5316913779661,0.0,hyperliquid,0.00010267140925792046
2025-01-15,1362575.119023512,95.56215159640253,178.6143424434284,0.0,hyperliquid,0.000274176494039828
2025-01-16,1362954.8312968486,22.052804214515856,357.65946912227605,0.0,hyperliquid,0.00037971227333671414
2025-01-17,1363183.3791605702,-216.8525747763233,445.4004384981149,0.0,hyperliquid,0.00022854786372161472
2025-01-18,1363553.0500098406,55.132010536206074,314.5388387341691,0.0,hyperliquid,0.00036967084927042016
2025-01-19,1364812.222551286,-95.56215159623538,1354.7346930414824,0.0,hyperliquid,0.001259172541445354
2025-01-20,1365974.1773573917,14.701869476343905,1147.2529366292845,0.0,hyperliquid,0.0011619548061056993
2025-01-21,1366285.132581585,-95.56215159640253,406.5173757897967,0.0,hyperliquid,0.00031095522419339976
2025-01-22,1366730.489702178,22.052804214682997,423.30431637816105,0.0,hyperliquid,0.0004453571205928456
2025-01-23,1366918.2158873612,-80.86028211989148,268.58646730312023,0.0,hyperliquid,0.00018772618518327362
2025-01-24,1367200.377857731,-99.23761896557207,381.3995893352304,0.0,hyperliquid,0.00028216197036975066
2025-01-25,1367967.5553794599,419.0032800761356,348.17424165272405,0.0,hyperliquid,0.0007671775217289105
2025-01-26,1368090.4651398866,-235.22991162150248,358.13967204827105,0.0,hyperliquid,0.00012290976042672992
2025-01-27,1368437.848368166,463.1088885051673,-115.72566022587418,0.0,hyperliquid,0.0003473832282794174
2025-01-28,1368389.7525086924,-246.2563137290111,198.16045425546727,0.0,hyperliquid,-4.8095859473571184e-05
2025-01-29,1368779.993642005,117.61495581075124,272.62617750172916,0.0,hyperliquid,0.0003902411333124619
2025-01-30,1368971.0592226554,-147.01869476343904,338.0842754139523,0.0,hyperliquid,0.00019106558065046556
2025-01-31,1369415.0500393908,58.80747790537562,385.183338829954,0.0,hyperliquid,0.0004439908167354297
2025-02-01,1369704.2903122618,-11.026402107341498,300.2666749784205,0.0,hyperliquid,0.0002892402728709858
2025-02-02,1369638.2547967643,-66.15841264354758,0.12289714602187018,0.0,hyperliquid,-6.603551549743861e-05
2025-02-03,1370048.4204062268,113.93948844174884,296.2261210207775,0.0,hyperliquid,0.00041016560946241954
2025-02-04,1370096.1876460118,-150.6941621326086,198.46140191765838,0.0,hyperliquid,4.77672397850547e-05
2025-02-05,1370367.8113004288,-29.40373895268781,301.0273933696796,0.0,hyperliquid,0.0002716236544169951
2025-02-06,1370719.2227355875,44.10560842903171,307.305826729558,0.0,hyperliquid,0.0003514114351586904
2025-02-07,1371023.2879954043,44.10560842903171,259.95965138777854,0.0,hyperliquid,0.0003040652598168235
2025-02-08,1371332.4929865834,29.40373895285495,279.80125222620825,0.0,hyperliquid,0.0003092049911790527
2025-02-09,1371551.521158088,7.3509347381719525,211.67723676649084,0.0,hyperliquid,0.00021902817150461486
2025-02-10,1371618.9040598662,-132.31682528742942,199.699727065596,0.0,hyperliquid,6.738290177821182e-05
2025-02-11,1371913.2996711584,33.0792063220245,261.3164049702231,0.0,hyperliquid,0.0002943956112922169
2025-02-12,1372332.4165231762,132.31682528709516,286.8000267306718,0.0,hyperliquid,0.00041911685201781804
2025-02-13,1372449.2760164328,-158.04509687078055,274.9045901271823,0.0,hyperliquid,0.00011685949325654656
2025-02-14,1372794.0405697937,80.86028211989148,263.904271240938,0.0,hyperliquid,0.00034476455336087384
2025-02-15,1372699.3342531726,-55.132010536373215,-39.574306084847606,0.0,hyperliquid,-9.470631662104279e-05
2025-02-16,1372765.3648900443,36.7546736910269,29.27596318059353,0.0,hyperliquid,6.603063687169925e-05
2025-02-17,1372897.6142619597,36.75467369069262,95.49469822463789,0.0,hyperliquid,0.00013224937191535718
2025-02-18,1372978.4043973177,-124.96589054875605,205.75602590674333,0.0,hyperliquid,8.079013535799459e-05
2025-02-19,1373412.5388414587,139.66776002526709,294.4666841158552,0.0,hyperliquid,0.00043413444414106196
2025-02-20,1373680.653020915,3.6754673691695467,264.43871208732014,0.0,hyperliquid,0.00026811417945637366
2025-02-21,1373820.9769983287,-99.23761896557207,239.56159637915232,0.0,hyperliquid,0.00014032397741358727
2025-02-22,1374468.1959034936,352.844867432588,294.3740377323703,0.0,hyperliquid,0.0006472189051648601
2025-02-23,1374274.0748079817,-334.4675305870745,140.34643507509648,0.0,hyperliquid,-0.0001941210955118295
2025-02-24,1374127.83099344,-25.728271583685405,-120.51554295783791,0.0,hyperliquid,-0.00014624381454172544
2025-02-25,1374171.0934151153,36.75467369085976,6.507747984607587,0.0,hyperliquid,4.3262421675259245e-05
2025-02-26,1373511.116203013,-11.026402107174357,275.0491900049563,924.0,bybit,-0.0006599772121021524
2025-02-27,1373354.769569532,-69.83388001271712,-86.5127534685831,0.0,bybit,-0.00015634663348109462
2025-02-28,1373326.2714572854,11.026402107174357,-39.52451435381385,0.0,bybit,-2.849811224662699e-05
2025-03-01,1373442.1908549063,-25.728271583518264,141.64766920459545,0.0,bybit,0.00011591939762094989
2025-03-02,1373549.244730424,-69.83388001271712,176.88775553018615,0.0,bybit,0.00010705387551756576
2025-03-03,1373896.626383159,69.83388001271712,277.5477727224632,0.0,bybit,0.0003473816527351737
2025-03-04,1373896.1086406168,-69.83388001271712,69.31613747027606,0.0,bybit,-5.177425423171372e-07
2025-03-05,1374187.978384413,66.15841264354758,225.7113311529273,0.0,bybit,0.00029186974379629825
2025-03-06,1374420.800784342,58.80747790554276,174.01492202328907,0.0,bybit,0.000232822399928933
2025-03-07,1374159.5911062895,-99.23761896540493,-161.97205908703614,0.0,bybit,-0.0002612096780524589
2025-03-08,1374094.9621508864,0.0,-64.62895540321547,0.0,bybit,-6.462895540311001e-05
2025-03-09,1373985.9076062313,-51.45654316720367,-57.5980014880074,0.0,bybit,-0.00010905454465514049
2025-03-10,1373974.9408003571,128.64135791809275,-139.60816379219128,0.0,bybit,-1.0966805874137207e-05
2025-03-11,1373845.2237572237,-183.7733684545495,54.05632532118572,0.0,bybit,-0.00012971704313345254
2025-03-12,1372938.7910644317,84.53574948914459,-33.96844228124007,957.0,binance,-0.0009064326927920338
2025-03-13,1373044.0022408552,55.13201053628964,50.0791658872077,0.0,binance,0.00010521117642358877
2025-03-14,1373105.5632962156,-47.781075798201265,109.34213115849617,0.0,binance,6.156105536036194e-05
2025-03-15,1373180.4685597145,7.350934738255523,67.55432876053216,0.0,binance,7.490526349889114e-05
2025-03-16,1373142.9904992809,22.052804214515856,-59.53086464812968,0.0,binance,-3.747806043364108e-05
2025-03-17,1373269.9533487305,47.78107579811769,79.18177365135406,0.0,binance,0.00012696284944959917
2025-03-18,1373306.537822113,-40.43014105994574,77.0146144423592,0.0,binance,3.658447338244878e-05
2025-03-19,1373449.1036379884,-11.026402107341498,153.59221798305944,0.0,binance,0.00014256581587553956
2025-03-20,1373412.0855738374,-29.40373895252067,-7.614325198670148,0.0,binance,-3.701806415105239e-05
2025-03-21,1373606.6712992932,88.21121685797986,106.37450859780921,0.0,binance,0.00019458572545577772
2025-03-22,1373544.8734320267,-51.45654316720367,-10.341324099371267,0.0,binance,-6.179786726646125e-05
2025-03-23,1373671.277637708,73.5093473818031,52.894858299595136,0.0,binance,0.00012640420568129049
2025-03-24,1372826.9333151688,-51.456543167287236,98.11222062828216,891.0,hyperliquid,-0.0008443443225391675
2025-03-25,1372967.26908983,-69.83388001280069,210.16965467402503,0.0,hyperliquid,0.00014033577466127464
2025-03-26,1373165.3574583004,51.45654316737081,146.63182530300884,0.0,hyperliquid,0.00019808836847031488
2025-03-27,1373300.8485192137,-40.43014106002931,175.92120197312454,0.0,hyperliquid,0.00013549106091330758
2025-03-28,1373253.4475523706,14.701869476427476,-62.10283631940924,0.0,hyperliquid,-4.7400966843124476e-05
2025-03-29,1373302.0889149578,0.0,48.64136258721716,0.0,hyperliquid,4.864136258722283e-05
2025-03-30,1373083.2086194297,-33.079206321857356,-185.80108920628834,0.0,hyperliquid,-0.00021888029552809895
2025-03-31,1373059.1436265816,-11.026402107257928,-13.038590740862842,0.0,hyperliquid,-2.406499284808524e-05
2025-04-01,1373216.2439482445,33.079206321857356,124.02111534095528,0.0,hyperliquid,0.0001571003216628451
2025-04-02,1373321.0970091696,-25.728271583685405,130.58133250887403,0.0,hyperliquid,0.00010485306092514657
2025-04-03,1373295.3617279318,121.29042318000435,-147.02570441793404,0.0,hyperliquid,-2.573528123786673e-05
2025-04-04,1372164.465666283,-128.6413579181763,-78.25470373046574,924.0,bybit,-0.0011308960616488476
2025-04-05,1372372.1887721764,58.80747790545919,148.9156279881271,0.0,bybit,0.00020772310589347036
2025-04-06,1372420.0987047881,-11.026402107341498,58.9363347192444,0.0,bybit,4.790993261174299e-05
2025-04-07,1372344.4471723365,-33.07920632177379,-42.57232612978855,0.0,bybit,-7.565153245162219e-05
2025-04-08,1372352.4480548184,-69.83388001271712,77.83476249463993,0.0,bybit,8.000882481923326e-06
2025-04-09,1372466.5736643702,47.781075798201265,66.34453375359888,0.0,bybit,0.00011412560955178923
2025-04-10,1372575.8016832934,29.40373895268781,79.82427997037351,0.0,bybit,0.00010922801892319694
2025-04-11,1372568.4204238912,-47.78107579811769,40.3998163959258,0.0,bybit,-7.381259402260185e-06
2025-04-12,1372708.5574261309,73.50934738171952,66.62765485802116,0.0,bybit,0.00014013700223970227
2025-04-13,1372637.7799095665,-106.5885537034933,35.811037138927084,0.0,bybit,-7.07775165643543e-05
2025-04-14,1372809.7483792133,88.21121685806342,83.75725278862163,0.0,bybit,0.00017196846964675933
2025-04-15,1372845.5766270224,-25.728271583601835,61.55651939254548,0.0,bybit,3.5828247809084135e-05
2025-04-16,1372844.717023416,3.6754673690859763,-4.535070975502457,0.0,bybit,-8.59603606397286e-07
2025-04-17,1372796.7404937611,-69.83388001263354,21.85735035780117,0.0,bybit,-4.797652965481393e-05
2025-04-18,1372874.1347448758,77.18481475088907,0.2094363637376162,0.0,bybit,7.739425111468881e-05
2025-04-19,1372875.135169567,-36.7546736910269,37.75509838223746,0.0,bybit,1.0004246912430973e-06
2025-04-20,1372894.8176411686,44.105608429115286,-24.42313682762614,0.0,bybit,1.968247160152532e-05
2025-04-21,1372919.5684878125,-7.3509347381719525,32.10178138208711,0.0,bybit,2.4750846643932162e-05
2025-04-22,1373052.2353377442,55.13201053628964,77.5348393954413,0.0,bybit,0.000132666849931702
2025-04-23,1373069.3893027739,-99.23761896532136,116.39158399501025,0.0,bybit,1.715396502963267e-05
2025-04-24,1373130.9373431206,-14.701869476427476,76.24990982296498,0.0,bybit,6.154804034670815e-05
2025-04-25,1373394.7199180184,80.86028212005861,182.92229277770662,0.0,bybit,0.00026378257489786483
2025-04-26,1373439.8746683195,-3.6754673691695467,48.83021767008782,0.0,bybit,4.515475030103699e-05
2025-04-27,1373525.4832646807,14.701869476343905,70.90672688493002,0.0,bybit,8.560859636124223e-05
2025-04-28,1373591.1718107215,69.83388001271712,-4.145333971899387,0.0,bybit,6.568854604079388e-05
2025-04-29,1373567.9803733632,-147.01869476352263,123.82725740523139,0.0,bybit,-2.319143735826947e-05
2025-04-30,1373748.513624039,209.5016400380678,-28.968389362306404,0.0,bybit,0.00018053325067576953
2025-05-01,1373805.5689389107,-121.29042318000435,178.34573805166815,0.0,bybit,5.705531487171538e-05
2025-05-02,1373856.7617145882,3.6754673690859763,47.51730830822692,0.0,bybit,5.1192775677423924e-05
2025-05-03,1373950.9611734992,22.052804214599426,72.14665469652334,0.0,bybit,9.419945891108364e-05
2025-05-04,1374119.740877858,-3.6754673690859763,172.45517172785944,0.0,bybit,0.00016877970435866154
2025-05-05,1374151.2521861081,7.3509347381719525,24.16037351213182,0.0,bybit,3.151130825025029e-05
2025-05-06,1374111.1465627947,-84.53574948906102,44.43012617545344,0.0,bybit,-4.010562331345864e-05
2025-05-07,1374276.0685901435,3.6754673690859763,161.24655997972923,0.0,bybit,0.00016492202734877355
2025-05-08,1374513.0535832671,77.1848147508055,159.800178372659,0.0,bybit,0.00023698499312368223
2025-05-09,1374029.500797943,-44.105608429115286,484.55282310492345,924.0,hyperliquid,-0.0004835527853241656
2025-05-10,1374448.641572552,-47.781075798034124,466.9218504069633,0.0,hyperliquid,0.00041914077460905537
2025-05-11,1375146.5149154682,216.85257477615616,481.02076813993506,0.0,hyperliquid,0.0006978733429161366
2025-05-12,1375691.6989998268,-80.86028211989148,626.0443664784901,0.0,hyperliquid,0.0005451840843586251
2025-05-13,1376049.1546269257,80.86028212005861,276.59534497887716,0.0,hyperliquid,0.00035745562709891236
2025-05-14,1376274.671748478,-69.83388001271712,295.35100156485805,0.0,hyperliquid,0.00022551712155225687
2025-05-15,1376513.5924967113,-47.781075798201265,286.70182403143076,0.0,hyperliquid,0.0002389207482333295
2025-05-16,1376762.2259116366,-22.052804214682997,270.6862191400075,0.0,hyperliquid,0.0002486334149253089
2025-05-17,1376846.3613854356,176.42243371646114,-92.28695991753587,0.0,hyperliquid,8.413547379896045e-05
2025-05-18,1376971.3045866198,-154.36962950177815,279.3128306861318,0.0,hyperliquid,0.00012494320118427277
2025-05-19,1377206.8144334406,-73.50934738171952,309.01919420251824,0.0,hyperliquid,0.00023550984682072887
2025-05-20,1377718.9530969963,172.74696634712444,339.3916972085716,0.0,hyperliquid,0.0005121386635557282
2025-05-21,1378323.0495830567,-58.80747790537562,662.9039639657179,0.0,hyperliquid,0.0006040964860604145
2025-05-22,1378660.3849896775,-135.99229265643183,473.3276992770021,0.0,hyperliquid,0.0003373354066207539
2025-05-23,1379678.3146918553,135.99229265643183,881.9374095216434,0.0,hyperliquid,0.0010179297021778767
2025-05-24,1379956.7732453917,-1.6714090493630097e-10,278.4585535365236,0.0,hyperliquid,0.00027845855353632944
2025-05-25,1380034.5219898275,11.026402107341498,66.72234232850883,0.0,hyperliquid,7.774874443584122e-05
2025-05-26,1380334.0758883287,18.37733684534631,281.1765616559651,0.0,hyperliquid,0.00029955389850120994
2025-05-27,1380673.6791128851,33.079206321857356,306.5240182345505,0.0,hyperliquid,0.00033960322455642744
2025-05-28,1380856.6986429824,-110.26402107257928,293.2835511697453,0.0,hyperliquid,0.00018301953009725548
2025-05-29,1381238.078817612,84.53574948906102,296.84442514064233,0.0,hyperliquid,0.00038138017462962306
2025-05-30,1381478.2354013913,-44.10560842919885,284.2621922085661,0.0,hyperliquid,0.00024015658377925865
2025-05-31,1381992.391385999,235.22991162183675,278.9260729858717,0.0,hyperliquid,0.000514155984607758
2025-06-01,1382007.1313671255,-275.6600526816989,290.40003380841904,0.0,hyperliquid,1.4739981126505881e-05
2025-06-02,1382572.870786728,121.29042317992078,444.448996422623,0.0,hyperliquid,0.0005657394196025562
2025-06-03,1382916.3816594924,-139.66776002526709,483.1786327895572,0.0,hyperliquid,0.00034351087276428006
2025-06-04,1383310.7468777648,95.56215159623538,298.8030666763194,0.0,hyperliquid,0.00039436521827243266
2025-06-05,1383550.382204575,-47.781075798201265,287.41640260846805,0.0,hyperliquid,0.00023963532681018114
2025-06-06,1383811.9324628278,22.052804214515856,239.49745403828058,0.0,hyperliquid,0.0002615502582527697
2025-06-07,1383916.5445450263,-147.0186947636062,251.63077696214827,0.0,hyperliquid,0.00010461208219849505
2025-06-08,1384382.234714265,187.4488358236355,278.24133341501033,0.0,hyperliquid,0.00046569016923871825
2025-06-09,1384777.2256947795,110.26402107274643,284.7269594418524,0.0,hyperliquid,0.000394990980514558
2025-06-10,1385130.9176150225,-194.79977056180746,548.4916908047713,0.0,hyperliquid,0.0003536919202429708
2025-06-11,1385395.8949113179,-121.29042317992078,386.267719475366,0.0,hyperliquid,0.000264977296295343
2025-06-12,1385883.2973649274,213.17710740715376,274.22534620223973,0.0,hyperliquid,0.0004874024536095094
2025-06-13,1386037.3062415472,11.026402107174357,142.98247451274997,0.0,hyperliquid,0.00015400887661986054
2025-06-14,1386112.4378381288,-69.83388001254998,144.96547659406687,0.0,hyperliquid,7.513159658154473e-05
2025-06-15,1386237.9544180324,7.3509347381719525,118.16564516559092,0.0,hyperliquid,0.0001255165799036622
2025-06-16,1386579.2108088965,69.83388001254998,271.42251085147217,0.0,hyperliquid,0.0003412563908640295
2025-06-17,1386636.6151625516,-88.21121685806342,145.6155705133737,0.0,hyperliquid,5.740435365517624e-05
2025-06-18,1386755.3441594464,-36.75467369085976,155.48367058553535,0.0,hyperliquid,0.000118728996894788
2025-06-19,1387072.4953208212,198.47523793080987,118.67592344391292,0.0,hyperliquid,0.0003171511613747571
2025-06-20,1386747.588940856,-198.47523793080987,-126.43114203424867,0.0,hyperliquid,-0.000324906379965134
2025-06-21,1386617.2101683721,36.75467369085976,-167.13344617457352,0.0,hyperliquid,-0.00013037877248390579
2025-06-22,1386675.6438998738,7.3509347381719525,51.08279676371756,0.0,hyperliquid,5.843373150168918e-05
2025-06-23,1386900.0715305328,106.58855370357688,117.83907695535419,0.0,hyperliquid,0.00022442763065895998
2025-06-24,1386857.9232078036,-40.43014106002931,-1.7181816692190708,0.0,hyperliquid,-4.214832272916101e-05
2025-06-25,1386626.4599895796,-139.66776002526709,-91.7954581987091,0.0,hyperliquid,-0.00023146321822400205
2025-06-26,1385897.975096643,124.9658905489232,37.54921651447632,891.0,binance,-0.0007284848929366562
2025-06-27,1386010.180603559,55.132010536373215,57.07349637966465,0.0,binance,0.00011220550691592508
2025-06-28,1386027.6068299734,-99.23761896540493,116.66384537977044,0.0,binance,1.7426226414507255e-05
2025-06-29,1386058.884417753,-102.91308633457447,134.19067411412883,0.0,binance,3.1277587779564785e-05
2025-06-30,1386200.4874537727,7.3509347383390935,134.25210128140156,0.0,binance,0.0001416030360197183
2025-07-01,1386397.592267599,121.29042317975365,75.81439064649243,0.0,binance,0.0001971048138262704
2025-07-02,1386570.2249648422,66.15841264388186,106.47428459923482,0.0,binance,0.00017263269724324346
2025-07-03,1386684.9914432187,-113.93948844191597,228.7059668183261,0.0,binance,0.00011476647837646305
2025-07-04,1386801.2063743284,14.701869476511046,101.51306163313265,0.0,binance,0.00011621493110968731
2025-07-05,1386934.772579994,33.079206321690215,100.48699934398475,0.0,binance,0.000133566205665702
2025-07-06,1387107.1033924674,0.0,172.33081247319967,0.0,binance,0.00017233081247331576
2025-07-07,1387282.2288252737,14.701869476343905,160.42356332997343,0.0,binance,0.00017512543280632234
2025-07-08,1387340.3070357621,-99.23761896540493,157.31582945385895,0.0,binance,5.807821048842743e-05
2025-07-09,1386867.1689482583,124.96589054909033,292.8960219469841,891.0,hyperliquid,-0.0004731380875038449
2025-07-10,1387212.535006685,-84.53574948922817,429.90180791578723,0.0,hyperliquid,0.0003453660584266763
2025-07-11,1387883.6237448044,-135.99229265626468,807.0810307757909,0.0,hyperliquid,0.0006710887381194625
2025-07-12,1388485.891739478,216.8525747763233,385.4154198973764,0.0,hyperliquid,0.0006022679946736898
2025-07-13,1388864.510686432,51.45654316720367,327.1624037868452,0.0,hyperliquid,0.0003786189469539095
2025-07-14,1390087.2310502194,91.88668422740011,1130.8336795599796,0.0,hyperliquid,0.0012227203637873755
2025-07-15,1391115.6486917795,-113.93948844191597,1142.3571300019044,0.0,hyperliquid,0.0010284176415600813
2025-07-16,1391655.7834915924,-393.2750084924502,933.4098083052195,0.0,hyperliquid,0.0005401347998129204
2025-07-17,1393013.9964406926,194.79977056164032,1163.4131785383445,0.0,hyperliquid,0.0013582129491001833
2025-07-18,1394507.263341853,-216.85257477615616,1710.1194759366256,0.0,hyperliquid,0.0014932669011603575
2025-07-19,1395023.265146173,124.9658905489232,391.03591377130795,0.0,hyperliquid,0.0005160018043201417
2025-07-20,1396350.8356038204,44.10560842903171,1283.4648492182503,0.0,hyperliquid,0.0013275704576473217
2025-07-21,1398890.8984899174,121.29042318008793,2418.7724629171403,0.0,hyperliquid,0.0025400628860970027
2025-07-22,1400190.902204692,132.31682528726228,1167.6868894873835,0.0,hyperliquid,0.0013000037147745025
2025-07-23,1400993.7299297524,-433.7051495526466,1236.5328746129899,0.0,hyperliquid,0.0008028277250605169
2025-07-24,1401708.5939693137,220.5280421453257,494.33599741603496,0.0,hyperliquid,0.0007148640395612456
2025-07-25,1402479.1610369317,-22.052804214515856,792.6198718323985,0.0,hyperliquid,0.0007705670676180161
2025-07-26,1404084.223271164,22.052804214515856,1583.0094300180763,0.0,hyperliquid,0.001605062234232435
2025-07-27,1405684.693419018,117.61495581091837,1482.8551920431698,0.0,hyperliquid,0.00160047014785395
2025-07-28,1406413.3785011556,-176.422433716294,905.1075158537609,0.0,hyperliquid,0.0007286850821375847
2025-07-29,1407535.076007437,874.7612338432981,246.93627243787063,0.0,hyperliquid,0.0011216975062813145
2025-07-30,1407670.1365691149,-283.010987420038,418.0715490981182,0.0,hyperliquid,0.00013506056167790666
2025-07-31,1407755.6283076669,-334.4675305870745,419.9592691388826,0.0,hyperliquid,8.549173855199479e-05
2025-08-01,1407694.416789541,180.0979010852964,-241.30941921112216,0.0,hyperliquid,-6.121151812584139e-05
2025-08-02,1407559.2868906532,-7.350934738004812,-127.7789641497586,0.0,hyperliquid,-0.00013512989888782612
2025-08-03,1407320.8543058669,-102.91308633457447,-135.51949845184856,0.0,hyperliquid,-0.00023843258478632197
2025-08-04,1407462.0840448642,80.86028211989148,60.36945687746772,0.0,hyperliquid,0.0001412297389972955
2025-08-05,1407691.6286714582,-58.80747790537562,288.3521044993623,0.0,hyperliquid,0.00022954462659405543
2025-08-06,1407962.8386499973,88.21121685823057,182.9987616808803,0.0,hyperliquid,0.000271209978539031
2025-08-07,1408399.9701388935,102.91308633440734,334.21840256164484,0.0,hyperliquid,0.00043713148889620786
2025-08-08,1407841.464649252,-73.50934738171952,439.00385774025585,924.0,bybit,-0.0005585054896415677
2025-08-09,1407757.9256865133,-525.5918337797125,442.0528710412153,0.0,bybit,-8.353896273858845e-05
2025-08-10,1408613.4763550586,385.9240737544454,469.6265947908603,0.0,bybit,0.0008555506685453001
2025-08-11,1408314.4364369966,106.5885537032426,518.3715282348735,924.0,hyperliquid,-0.0002990399180620443
2025-08-12,1408964.493345299,36.7546736910269,613.3022346114307,0.0,hyperliquid,0.0006500569083024748
2025-08-13,1410302.231511234,-257.2827158361855,1595.0208817710297,0.0,hyperliquid,0.0013377381659350359
2025-08-14,1412027.115458807,-95.56215159606825,1820.446099169099,0.0,hyperliquid,0.0017248839475729038
2025-08-15,1412759.84854748,231.55444425233293,501.1786444208076,0.0,hyperliquid,0.0007327330886730925
2025-08-16,1413521.0911338956,271.98458531286366,489.25800110264015,0.0,hyperliquid,0.0007612425864154938
2025-08-17,1413810.0071271902,-198.47523793114414,487.3912312258798,0.0,hyperliquid,0.00028891599329467865
2025-08-18,1414260.713248832,-36.75467369069262,487.46079533246825,0.0,hyperliquid,0.00045070612164167687
2025-08-19,1414490.4403925815,-150.69416213294286,380.42130588241844,0.0,hyperliquid,0.00022972714374959468
2025-08-20,1414933.5157483637,139.66776002560138,303.40759575646126,0.0,hyperliquid,0.00044307535578217355
2025-08-21,1415428.775466297,3.675467369002406,491.58425056440694,0.0,hyperliquid,0.000495259717933368
2025-08-22,1416459.6771093626,-18.37733684517917,1049.2789799107527,0.0,hyperliquid,0.0010309016430655028
2025-08-23,1417804.47685145,36.75467369069262,1308.0450683967053,0.0,hyperliquid,0.001344799742087489
2025-08-24,1418665.9668903325,-205.82617266914895,1067.3162115515483,0.0,hyperliquid,0.0008614900388824754
2025-08-25,1419116.0729582647,246.2563137290111,203.84975420318648,0.0,hyperliquid,0.0004501060679322109
2025-08-26,1419622.1596370905,36.7546736910269,469.33200513479494,0.0,hyperliquid,0.0005060866788257844
2025-08-27,1420146.5952240783,77.18481475088907,447.25077223685605,0.0,hyperliquid,0.0005244355869877617
2025-08-28,1420502.1144921249,-102.91308633440734,458.4323543811014,0.0,hyperliquid,0.00035551926804659886
2025-08-29,1420703.548373361,91.8866842268987,109.54719700928335,0.0,hyperliquid,0.00020143388123600745
2025-08-30,1420799.5978001782,-209.50164003764993,305.55106685502506,0.0,hyperliquid,9.604942681733519e-05
2025-08-31,1421043.4460958813,62.482945274210884,181.36535042908298,0.0,hyperliquid,0.00024384829570306464
2025-09-01,1421240.7247289242,202.1507052999794,-4.8720722571490285,0.0,hyperliquid,0.00019727863304293714
2025-09-02,1421076.823009075,-275.6600526816989,111.75833283250452,0.0,hyperliquid,-0.00016390171984932385
2025-09-03,1421564.1779393423,150.6941621326086,336.66076813465577,0.0,hyperliquid,0.00048735493026743644
2025-09-04,1422169.7165998728,121.29042317992078,484.2482373504558,0.0,hyperliquid,0.0006055386605304666
2025-09-05,1422433.4904403326,-132.31682528709516,396.09066574689393,0.0,hyperliquid,0.00026377384045976214
2025-09-06,1422577.1382113418,-47.781075798201265,191.42884680751132,0.0,hyperliquid,0.00014364777100924403
2025-09-07,1422429.8676691316,-102.91308633474162,-44.35745587552417,0.0,hyperliquid,-0.0001472705422102008
2025-09-08,1423063.6588894874,327.1165958490697,306.6746245067021,0.0,hyperliquid,0.000633791220355779
2025-09-09,1423549.2583303708,11.026402107174357,474.57303877618074,0.0,hyperliquid,0.0004855994408833794
2025-09-10,1423759.6872908263,-264.6336505741903,475.0626110297434,0.0,hyperliquid,0.00021042896045558155
2025-09-11,1424176.6135642922,-62.482945274545166,479.4092187404284,0.0,hyperliquid,0.000416926273465855
2025-09-12,1424837.1174708686,169.07149897812204,491.43240759819344,0.0,hyperliquid,0.0006605039065764285
2025-09-13,1425234.4324928736,-227.87897688349767,625.1939988886054,0.0,hyperliquid,0.0003973150220050011
2025-09-14,1426101.8197859877,169.07149897812204,698.3157941358697,0.0,hyperliquid,0.000867387293114094
2025-09-15,1426990.4212988166,249.9317810978464,638.6697317309781,0.0,hyperliquid,0.0008886015128288418
2025-09-16,1427387.0700163762,-102.91308633440734,499.5618038941911,0.0,hyperliquid,0.00039664871755964125
2025-09-17,1427769.2535669892,-113.93948844158169,496.1230390546252,0.0,hyperliquid,0.00038218355061300096
2025-09-18,1428400.144968066,124.96589054875605,505.92551052798643,0.0,hyperliquid,0.0006308914010766894
2025-09-19,1428966.2837005265,40.43014106019645,525.7085914004756,0.0,hyperliquid,0.0005661387324605603
2025-09-20,1429374.2399958782,-84.53574948889388,492.49204484070185,0.0,hyperliquid,0.00040795629535173066
2025-09-21,1429882.7328203632,14.701869476009623,493.79095500893806,0.0,hyperliquid,0.0005084928244850598
2025-09-22,1430062.6009925355,-62.482945274545166,242.3511174467753,0.0,hyperliquid,0.00017986817217222414
2025-09-23,1430226.2241920687,88.2112168583977,75.4119826749606,0.0,hyperliquid,0.00016362319953320547
2025-09-24,1430315.3337993359,-80.86028212005861,169.9698893873664,0.0,hyperliquid,8.91096072671935e-05
2025-09-25,1430679.98623467,110.26402107274643,254.38841426149278,0.0,hyperliquid,0.00036465243533416653
2025-09-26,1430187.0679292507,-385.9240737544454,-106.99423166493102,0.0,hyperliquid,-0.0004929183054193854
2025-09-27,1430915.7861115537,301.3883242652172,427.3298580378239,0.0,hyperliquid,0.0007287181823030114
2025-09-28,1431029.8601378414,-253.60724846718307,367.6812747548296,0.0,hyperliquid,0.00011407402628776617
2025-09-29,1431513.6406074634,455.75795376716246,28.02251585474108,0.0,hyperliquid,0.00048378046962199733
2025-09-30,1431701.4264373088,-198.47523793080987,386.261067776242,0.0,hyperliquid,0.00018778582984535022
2025-10-01,1432273.1812438238,117.61495581075124,454.13985070418613,0.0,hyperliquid,0.0005717548065150623
2025-10-02,1432671.5118576824,-80.86028212005861,479.1908959787046,0.0,hyperliquid,0.00039833061385853216
2025-10-03,1433338.4290872714,172.7469663476259,494.1702632414281,0.0,hyperliquid,0.0006669172295890748
2025-10-04,1433508.7267221636,-327.1165958490697,497.4142307413863,0.0,hyperliquid,0.00017029763489216567
2025-10-05,1434227.4412107444,224.20350951432812,494.51097906654263,0.0,hyperliquid,0.0007187144885808229
2025-10-06,1434652.3550797636,-147.01869476377334,571.9325637829469,0.0,hyperliquid,0.0004249138690191321
2025-10-07,1435109.2702449914,-135.9922926559304,592.9074578837327,0.0,hyperliquid,0.0004569151652278379
2025-10-08,1435858.1954967899,121.2904231795865,627.63482861906,0.0,hyperliquid,0.0007489252517984714
2025-10-09,1436407.2151251829,47.78107579853555,501.2385525946015,0.0,hyperliquid,0.0005490196283929981
2025-10-10,1435684.1490313802,73.50934738171952,-796.5754411843914,0.0,hyperliquid,-0.0007230660938026849
2025-10-11,1437944.4848556037,2741.898657340478,-481.5628331170747,0.0,hyperliquid,0.002260335824223468
2025-10-12,1435078.9806962826,-2907.2946889494306,41.79052962819863,0.0,hyperliquid,-0.0028655041593210772
2025-10-13,1435619.633281361,176.42243371612685,364.2301513624289,0.0,hyperliquid,0.0005406525850784965
2025-10-14,1435573.8003066338,-415.32781270713315,369.4948379797181,0.0,hyperliquid,-4.583297472726554e-05
2025-10-15,1436214.0134249567,290.36192215804283,349.8511961649728,0.0,hyperliquid,0.0006402131183228921
2025-10-16,1436250.9584662458,-51.45654316720367,88.40158445611434,0.0,hyperliquid,3.694504128908738e-05
2025-10-17,1436779.5778800284,246.2563137290111,282.36310005343904,0.0,hyperliquid,0.0005286194137826097
2025-10-18,1436860.1335372075,-330.79206321807214,411.34772039717325,0.0,hyperliquid,8.055565717909485e-05
2025-10-19,1437051.9845184302,224.20350951432812,-32.35252829143115,0.0,hyperliquid,0.00019185098122269847
2025-10-20,1437284.488393036,-77.18481475072193,309.68868935640336,0.0,hyperliquid,0.0002325038746057544
2025-10-21,1437557.374341747,-110.26402107274643,383.1499697838046,0.0,hyperliquid,0.00027288594871107487
2025-10-22,1437653.0008921756,91.88668422723298,3.7398662013487893,0.0,hyperliquid,9.562655042856932e-05
2025-10-23,1437870.2731123324,-124.9658905489232,342.2381107058568,0.0,hyperliquid,0.00021727222015685403
2025-10-24,1438291.6897042834,-3.675467369002406,425.09205931981575,0.0,hyperliquid,0.00042141659195092505
2025-10-25,1438762.1348256571,36.75467369085976,433.69044768306327,0.0,hyperliquid,0.0004704451213737484
2025-10-26,1439157.4945592415,-40.43014106002931,435.7898746442871,0.0,hyperliquid,0.00039535973358433696
2025-10-27,1439810.5912964288,194.79977056180746,458.2969666256424,0.0,hyperliquid,0.0006530967371873558
2025-10-28,1440114.5981699554,-147.01869476377334,451.0255682904956,0.0,hyperliquid,0.0003040068735266104
2025-10-29,1440243.1231966733,-25.728271583518264,154.2532983014217,0.0,hyperliquid,0.00012852502671792173
2025-10-30,1441037.0660487246,363.87126953976235,430.071582511458,0.0,hyperliquid,0.0007939428520512302
2025-10-31,1441197.0381379754,-172.7469663472916,332.71905559823796,0.0,hyperliquid,0.00015997208925080486
2025-11-01,1441129.622793058,-209.5016400379842,142.08629512058315,0.0,hyperliquid,-6.741534491744823e-05
2025-11-02,1441365.1793664182,22.052804214682997,213.50376914556523,0.0,hyperliquid,0.00023555657336022705
2025-11-03,1441410.2126426566,55.132010536206074,-10.098734297735128,0.0,hyperliquid,4.503327623847872e-05
2025-11-04,1441414.2145743677,-36.75467369085976,40.75660540187893,0.0,hyperliquid,4.0019317111000415e-06
2025-11-05,1441628.688253605,29.40373895268781,185.06994028448116,0.0,hyperliquid,0.00021447367923730054
2025-11-06,1441702.163575946,-198.47523793080987,271.95056027180635,0.0,hyperliquid,7.347532234084793e-05
2025-11-07,1441979.8953032226,77.18481475088907,200.5469125258814,0.0,hyperliquid,0.00027773172727669587
2025-11-08,1442443.1184987628,84.53574948906102,378.6874460513785,0.0,hyperliquid,0.00046322319554025306
2025-11-09,1442729.8137746735,-88.21121685806342,374.90649276879634,0.0,hyperliquid,0.00028669527591066433
2025-11-10,1443389.3370665556,264.63365057435743,394.889641307798,0.0,hyperliquid,0.0006595232918821275
2025-11-11,1443301.074725362,-249.93178109818066,161.66943990461607,0.0,hyperliquid,-8.826234119362198e-05
2025-11-12,1443210.4829686382,-14.701869476176764,-75.88988724777661,0.0,hyperliquid,-9.059175672382116e-05
2025-11-13,1443540.326174821,11.026402107174357,318.8168040756478,0.0,hyperliquid,0.00032984320618282073
2025-11-14,1443881.7914277322,-14.701869476343905,356.1671223874945,0.0,hyperliquid,0.00034146525291120635
2025-11-15,1444143.9845679738,-80.86028211989148,343.0534223613207,0.0,hyperliquid,0.0002621931402415503
2025-11-16,1444533.5723476016,40.430141059862166,349.15763856790426,0.0,hyperliquid,0.0003895877796278801
2025-11-17,1444852.680835147,-22.052804214515856,341.16129175971355,0.0,hyperliquid,0.0003191084875452798
2025-11-18,1445253.5881970373,47.781075798201265,353.12628609212055,0.0,hyperliquid,0.0004009073618904222
2025-11-19,1445623.5827952144,25.728271583685405,344.26632659312014,0.0,hyperliquid,0.0003699945981770288
2025-11-20,1445938.6526792143,-18.37733684551345,333.44722084546885,0.0,hyperliquid,0.0003150698839998804
2025-11-21,1446162.7895045537,-55.132010536373215,279.26883587576924,0.0,hyperliquid,0.000224136825339403
2025-11-22,1446410.504204106,-33.079206321690215,280.79390587395375,0.0,hyperliquid,0.0002477146995523944
2025-11-23,1446634.2172550529,-36.7546736910269,260.4677246378161,0.0,hyperliquid,0.0002237130509468261
2025-11-24,1447043.7410467966,132.31682528726228,277.20696645659325,0.0,hyperliquid,0.00040952379174367525
2025-11-25,1447288.4000024071,-80.86028211989148,325.5192377303432,0.0,hyperliquid,0.00024465895561059004
2025-11-26,1447571.9312492046,-29.40373895268781,312.9349857501016,0.0,hyperliquid,0.0002835312467974145
2025-11-27,1448048.509683981,154.369629501611,322.20880527494165,0.0,hyperliquid,0.0004765784347765148
2025-11-28,1448191.328608064,-44.10560842903171,186.9245325119703,0.0,hyperliquid,0.00014281892408290879
2025-11-29,1448249.584245594,-29.40373895285495,87.65937648302324,0.0,hyperliquid,5.825563753000461e-05
2025-11-30,1448506.9457073896,-47.781075798034124,305.14253759363805,0.0,hyperliquid,0.00025736146179563364
2025-12-01,1448789.8662026129,7.3509347381719525,275.5695604852285,0.0,hyperliquid,0.000282920495223254
2025-12-02,1449169.6393948214,132.31682528726228,247.45636692141738,0.0,hyperliquid,0.0003797731922084931
2025-12-03,1449382.219301438,-55.132010536373215,267.71191715283817,0.0,hyperliquid,0.0002125799066165928
2025-12-04,1449568.7205050148,-47.781075798201265,234.28227937508143,0.0,hyperliquid,0.00018650120357680135
2025-12-05,1449637.2379809483,-22.052804214515856,90.57028014793198,0.0,hyperliquid,6.851747593353502e-05
2025-12-06,1449828.343318752,51.45654316720367,139.6487946365575,0.0,hyperliquid,0.0001911053378037177
2025-12-07,1450201.1022932543,51.45654316720367,321.3024313352305,0.0,hyperliquid,0.00037275897450232876
2025-12-08,1450608.1389866704,69.83388001288426,337.2028134032043,0.0,hyperliquid,0.0004070366934160702
2025-12-09,1450691.5518808782,-260.9581832055222,344.37107741313923,0.0,hyperliquid,8.341289420775138e-05
2025-12-10,1451252.0422773275,194.79977056180746,365.6906258875418,0.0,hyperliquid,0.0005604903964493424
2025-12-11,1451562.975273888,-73.50934738188667,384.4423439426628,0.0,hyperliquid,0.00031093299656058664
2025-12-12,1452092.1131725581,95.56215159640253,433.57574707369315,0.0,hyperliquid,0.0005291378986700438
2025-12-13,1452402.6909003397,-29.40373895268781,339.9814667342358,0.0,hyperliquid,0.0003105777277816087
2025-12-14,1452790.0484063681,44.10560842903171,343.25189759925155,0.0,hyperliquid,0.0003873575060283765
2025-12-15,1453068.8704636272,-58.80747790554276,337.6295351647557,0.0,hyperliquid,0.00027882205725903624
2025-12-16,1453436.0498023527,44.10560842919885,323.0737302961536,0.0,hyperliquid,0.0003671793387255166
2025-12-17,1453693.4552717675,-47.781075798034124,305.18654521263693,0.0,hyperliquid,0.00025740546941477804
2025-12-18,1453930.5364508661,14.701869476343905,222.37930962225101,0.0,hyperliquid,0.00023708117909869178
2025-12-19,1454086.4277751842,-99.23761896557207,255.12894328366252,0.0,hyperliquid,0.00015589132431801408
2025-12-20,1454350.9692789232,-33.079206321857356,297.6207100609571,0.0,hyperliquid,0.0002645415037390776
2025-12-21,1454752.7226133957,84.53574948906102,317.21758498337687,0.0,hyperliquid,0.0004017533344724216
2025-12-22,1455051.7239595945,14.701869476511046,284.2994767221959,0.0,hyperliquid,0.0002990013461988419
2025-12-23,1455112.3208579745,-161.7205642399501,222.31746261993996,0.0,hyperliquid,6.059689837996848e-05
2025-12-24,1455688.69534712,279.33552005086847,297.03896909463214,0.0,hyperliquid,0.0005763744891455863
2025-12-25,1455833.3222211306,-180.09790108546355,324.72477509590186,0.0,hyperliquid,0.00014462687401054427
2025-12-26,1456192.9151412228,121.29042317992078,238.30249691222872,0.0,hyperliquid,0.00035959292009216733
2025-12-27,1456114.3049444598,-150.6941621326086,72.08396536971301,0.0,hyperliquid,-7.861019676295109e-05
2025-12-28,1456184.422273138,99.23761896540493,-29.120290286964902,0.0,hyperliquid,7.011732867825777e-05
2025-12-29,1456371.9463754764,-47.781075798201265,235.30517813653802,0.0,hyperliquid,0.0001875241023383569
2025-12-30,1456697.9360146488,55.132010536373215,270.8576286361231,0.0,hyperliquid,0.0003259896391723305
2025-12-31,1457025.6660460017,0.0,327.73003135285046,0.0,hyperliquid,0.00032773003135295586
2026-01-01,1457276.0094794452,-77.18481475088907,327.52824819428747,0.0,hyperliquid,0.0002503434334434569
2026-01-02,1457648.7613286145,161.7205642399501,211.03128492946996,0.0,hyperliquid,0.0003727518491693772
2026-01-03,1457839.5596895204,-40.43014106002931,231.22850196566222,0.0,hyperliquid,0.00019079836090584286
2026-01-04,1458109.9224142246,25.728271583685405,244.63445312039383,0.0,hyperliquid,0.00027036272470420226
2026-01-05,1458172.2516561756,-99.23761896540493,161.56686091642766,0.0,hyperliquid,6.232924195099622e-05
2026-01-06,1458420.6363508806,-40.43014106002931,288.81483576483686,0.0,hyperliquid,0.00024838469470501876
2026-01-07,1458820.7616954555,36.75467369085976,363.3706708841726,0.0,hyperliquid,0.0004001253445749171
2026-01-08,1459103.3569033782,-66.15841264371471,348.7536205663449,0.0,hyperliquid,0.0002825952079226263
2026-01-09,1459456.8016070856,11.026402107341498,342.4183015999421,0.0,hyperliquid,0.0003534447037074715
2026-01-10,1459804.5552171187,7.3509347383390935,340.4026752947335,0.0,hyperliquid,0.00034775361003307626
2026-01-11,1460128.3248053966,3.675467369002406,320.0941209091101,0.0,hyperliquid,0.00032376958827790806
2026-01-12,1460529.599768683,77.18481475088907,324.0901485356604,0.0,hyperliquid,0.0004012749632864725
2026-01-13,1461008.6903566567,161.7205642399501,317.37002373366226,0.0,hyperliquid,0.00047909058797359467
2026-01-14,1461092.3410166323,-275.6600526816989,359.3107126574854,0.0,hyperliquid,8.365065997559577e-05
2026-01-15,1461642.1850543004,180.0979010852964,369.746136582595,0.0,hyperliquid,0.000549844037668081
2026-01-16,1462029.9836164129,22.052804214515856,365.7457578980781,0.0,hyperliquid,0.0003877985621124972
2026-01-17,1462323.44432511,-69.83388001254998,363.2945887096325,0.0,hyperliquid,0.00029346070869709363
2026-01-18,1462758.126413889,69.83388001254998,364.8482087665466,0.0,hyperliquid,0.0004346820887790527
2026-01-19,1462938.12823644,-158.04509687078055,338.04691942167074,0.0,hyperliquid,0.0001800018225510139
2026-01-20,1463222.8142322926,102.91308633440734,181.7729095181462,0.0,hyperliquid,0.0002846859958525747
2026-01-21,1463483.6943989526,29.40373895285495,231.4764277071766,0.0,hyperliquid,0.000260880166660063
2026-01-22,1463778.7395359469,-7.3509347381719525,302.3960717321809,0.0,hyperliquid,0.0002950451369942166
2026-01-23,1463710.3960276034,-44.10560842919885,-24.237899914161115,0.0,hyperliquid,-6.834350834344514e-05
2026-01-24,1463568.4190129864,-58.80747790537562,-83.16953671165959,0.0,hyperliquid,-0.0001419770146170631
2026-01-25,1463395.2884412913,-69.83388001271712,-103.29669168232826,0.0,hyperliquid,-0.00017313057169504465
2026-01-26,1463565.3230379086,99.23761896557207,70.79697765165479,0.0,hyperliquid,0.00017003459661733359
2026-01-27,1463896.9762687718,18.37733684534631,313.27589401790954,0.0,hyperliquid,0.00033165323086315764
2026-01-28,1464367.4408092378,143.34322739443664,327.1213130716772,0.0,hyperliquid,0.00047046454046596774
2026-01-29,1464532.265683162,-158.04509687078055,322.8699707950482,0.0,hyperliquid,0.00016482487392425538
2026-01-30,1464724.6890168944,66.15841264354758,126.26492108882935,0.0,hyperliquid,0.00019242333373241128
2026-01-31,1464662.613664318,40.43014106002931,-102.50549363622895,0.0,hyperliquid,-6.207535257632845e-05
2026-02-01,1464119.3366785727,-47.781075798201265,-495.495909947218,0.0,hyperliquid,-0.0005432769857454114
2026-02-02,1463412.8050703711,-165.39603160911963,-541.135576592463,0.0,hyperliquid,-0.0007065316082015634
2026-02-03,1463231.6807586786,117.61495581108552,-298.73926750354457,0.0,hyperliquid,-0.00018112431169254705
2026-02-04,1462478.337566243,14.701869476176764,155.9549380883226,924.0,bybit,-0.0007533431924355682
2026-02-05,1462563.4361778342,-91.88668422723298,176.98529581832054,0.0,bybit,8.509861159115098e-05
2026-02-06,1462814.401655167,238.90537899083915,12.060098342141465,0.0,bybit,0.00025096547733293844
2026-02-07,1462515.6065960478,-393.2750084926173,94.47994937322143,0.0,bybit,-0.0002987950591193512
2026-02-08,1462547.9360196698,117.61495581091837,-85.28553218874082,0.0,bybit,3.2329423621995374e-05
2026-02-09,1462518.05123235,0.0,-29.88478731963758,0.0,bybit,-2.9884787319693714e-05
2026-02-10,1462529.8955091594,-29.40373895268781,41.248015762186114,0.0,bybit,1.1844276809366419e-05
2026-02-11,1462469.3172609096,36.754673690943335,-97.33292194086951,0.0,bybit,-6.0578248249832544e-05
2026-02-12,1462527.2269427287,-14.701869476343905,72.61155129560224,0.0,bybit,5.79096818191465e-05
2026-02-13,1462395.7300826025,-154.3696295018617,22.872769375560367,0.0,bybit,-0.00013149686012626626
2026-02-14,1461741.9350037042,154.36962950177815,115.83529159977499,924.0,hyperliquid,-0.0006537950788983144
2026-02-15,1461759.0449642122,14.701869476511046,2.4080910315589037,0.0,hyperliquid,1.710996050806716e-05
2026-02-16,1461849.0760257347,-18.37733684559702,108.40839836800339,0.0,hyperliquid,9.00310615224298e-05
2026-02-17,1461961.8782958714,-47.78107579811769,160.5833459349442,0.0,hyperliquid,0.00011280227013677358
2026-02-18,1462112.669357579,3.6754673690859763,147.1155943383546,0.0,hyperliquid,0.0001507910617075395
2026-02-19,1462291.7001178828,51.456543167287236,127.57421713657702,0.0,hyperliquid,0.00017903076030383817
2026-02-20,1462330.0644057696,-73.50934738188667,111.87363526878246,0.0,hyperliquid,3.8364287886768576e-05
2026-02-21,1462511.3681270094,36.7546736910269,144.54904754885308,0.0,hyperliquid,0.0001813037212397903
2026-02-22,1462579.6386641227,-80.86028212005861,149.13081923327522,0.0,hyperliquid,6.827053711330518e-05
2026-02-23,1462587.8532764288,3.6754673690859763,4.539144937043702,0.0,hyperliquid,8.21461230609566e-06
2026-02-24,1462732.6281252229,3.6754673690859763,141.09938142486732,0.0,hyperliquid,0.00014477484879409894
2026-02-25,1462890.6119041909,7.350934738255523,150.6328442296833,0.0,hyperliquid,0.00015798377896798774
2026-02-26,1463083.3895216687,44.105608428948145,148.67200904864427,0.0,hyperliquid,0.00019277761747781187
2026-02-27,1463158.721762124,3.6754673691695467,71.65677308622311,0.0,hyperliquid,7.533224045531824e-05
2026-02-28,1463305.2778458744,128.64135791809275,17.91472583244323,0.0,hyperliquid,0.0001465560837504454
2026-03-01,1463375.2957452957,-110.26402107266286,180.28192049402736,0.0,hyperliquid,7.001789942127653e-05
2026-03-02,1463568.9151276094,36.754673690943335,156.86470862262416,0.0,hyperliquid,0.0001936193823136855
2026-03-03,1463525.8723219729,-176.42243371637758,133.37962808002496,0.0,hyperliquid,-4.3042805636534466e-05
2026-03-04,1463751.4439426258,113.93948844183241,111.63213221096066,0.0,hyperliquid,0.00022557162065291777
2026-03-05,1464043.7900175077,128.64135791825987,163.7047169637966,0.0,hyperliquid,0.00029234607488196345
2026-03-06,1463892.337330873,-227.87897688366482,76.42629024866207,0.0,hyperliquid,-0.00015145268663484604
2026-03-07,1463936.5288558826,121.29042317992078,-77.0988981701964,0.0,hyperliquid,4.419152500969358e-05
2026-03-08,1463702.6154565976,69.83388001263354,-303.7472792975291,0.0,hyperliquid,-0.00023391339928493835
2026-03-09,1463740.0325478117,-29.40373895268781,66.8208301668328,0.0,hyperliquid,3.741709121409803e-05
2026-03-10,1463735.363690346,-161.72056423986652,157.05170677410914,0.0,hyperliquid,-4.66885746573098e-06
2026-03-11,1463884.466630841,158.04509687078055,-8.942156375855518,0.0,hyperliquid,0.00014910294049489312
2026-03-12,1463781.9471718716,-47.781075798201265,-54.738383171081864,0.0,hyperliquid,-0.0001025194589693565
2026-03-13,1463866.4603059676,-29.40373895252067,113.91687304846603,0.0,hyperliquid,8.451313409605064e-05
2026-03-14,1464069.5536880079,110.26402107257928,92.82936096765032,0.0,hyperliquid,0.00020309338204027154
2026-03-15,1464108.6316640237,-121.29042318008793,160.36839919585228,0.0,hyperliquid,3.9077976015862076e-05
2026-03-16,1463988.9013646976,-117.61495581075124,-2.1153435153283766,0.0,hyperliquid,-0.00011973029932612554
2026-03-17,1464210.230854099,275.6600526816989,-54.33056328041031,0.0,hyperliquid,0.00022132948940130882
2026-03-18,1464232.349878555,-139.66776002526709,161.7867844812857,0.0,hyperliquid,2.2119024456012993e-05
2026-03-19,1464410.4040026614,183.7733684542988,-5.719244347921965,0.0,hyperliquid,0.0001780541241064202
2026-03-20,1464446.5662856633,-62.482945274378025,98.6452282761501,0.0,hyperliquid,3.6162283001933245e-05
2026-03-21,1464403.4755823584,-47.781075798201265,4.690372493292269,0.0,hyperliquid,-4.3090703304857016e-05
2026-03-22,1464380.3669447303,132.31682528726228,-155.42546291523593,0.0,hyperliquid,-2.3108637628145518e-05
2026-03-23,1464188.9821575484,-165.39603160911963,-25.988755572732483,0.0,hyperliquid,-0.00019138478718185798
2026-03-24,1464273.03310657,-3.675467369002406,87.7264163903569,0.0,hyperliquid,8.405094902147539e-05
2026-03-25,1464448.935482857,-40.43014106019645,216.33251734731496,0.0,hyperliquid,0.00017590237628715112
2026-03-26,1464455.3242866797,36.7546736910269,-30.365869868407135,0.0,hyperliquid,6.388803822686896e-06
2026-03-27,1464454.8898929306,84.53574948906102,-84.97014323815358,0.0,hyperliquid,-4.343937491066754e-07
2026-03-28,1464560.367463153,-22.052804214515856,127.5303744369017,0.0,hyperliquid,0.00010547757022245787
2026-03-29,1464790.1310598825,25.728271583601835,204.03532514569886,0.0,hyperliquid,0.00022976359672937543
2026-03-30,1464871.1957809324,-22.052804214515856,103.11752526449443,0.0,hyperliquid,8.106472104997374e-05
2026-03-31,1464763.0696312874,-150.69416213269216,42.568012487712245,0.0,hyperliquid,-0.0001081261496450752
2026-04-01,1464766.7673094529,58.80747790537562,-55.10979973995511,0.0,hyperliquid,3.6976781655102968e-06
2026-04-02,1464882.6792635834,220.5280421453257,-104.61608801474641,0.0,hyperliquid,0.00011591195413051174
2026-04-03,1464761.7805135457,-124.9658905489232,4.067140511134994,0.0,hyperliquid,-0.00012089875003765337
2026-04-04,1464811.1313395665,-113.93948844174884,163.2903144624963,0.0,hyperliquid,4.9350826020818206e-05
2026-04-05,1464945.461013416,66.15841264371471,68.17126120589855,0.0,hyperliquid,0.0001343296738495119
2026-04-06,1464980.3876696995,-99.23761896557207,134.16427524911316,0.0,hyperliquid,3.492665628343821e-05
2026-04-07,1465180.6156817325,77.18481475088907,123.04319728215893,0.0,hyperliquid,0.0002002280120330397
2026-04-08,1465364.3553717965,-55.132010536206074,238.8717006002372,0.0,hyperliquid,0.00018373969006398692
2026-04-09,1465587.8828844463,95.56215159623538,127.9653610535894,0.0,hyperliquid,0.00022352751264977268
2026-04-10,1465835.943225463,44.10560842903171,203.95473258756243,0.0,hyperliquid,0.00024806034101662226
2026-04-11,1465984.2981370888,-36.75467369085976,185.1095853166749,0.0,hyperliquid,0.00014835491162585094
2026-04-12,1466004.9959706287,-3.6754673691695467,24.373300909021047,0.0,hyperliquid,2.0697833539918066e-05
2026-04-13,1466084.778258201,-40.43014106002931,120.21242863225835,0.0,hyperliquid,7.978228757227771e-05
2026-04-14,1465782.1219312137,-135.99229265626468,-166.66403433109278,0.0,hyperliquid,-0.000302656326987315
2026-04-15,1465710.651183559,227.87897688366482,-299.3497245380661,0.0,hyperliquid,-7.147074765455909e-05
2026-04-16,1464472.2651242632,-73.50934738188667,-240.87671191383814,924.0,bybit,-0.0012383860592958518
2026-04-17,1464546.0294344057,55.132010536373215,18.632299606279474,0.0,bybit,7.376431014249101e-05
2026-04-18,1464230.2167546225,44.10560842903171,-359.9182882123306,0.0,bybit,-0.0003158126797832083
2026-04-19,1463977.6508258977,-3.675467369002406,-248.8904613558019,0.0,bybit,-0.00025256592872482725
2026-04-20,1463846.7592238383,-99.23761896540493,-31.653983093963873,0.0,bybit,-0.0001308916020593606
2026-04-21,1463716.817618286,66.15841264354758,-196.10001819579102,0.0,bybit,-0.0001299416055523325
2026-04-22,1463682.3216985094,-80.86028211989148,46.36436234316613,0.0,bybit,-3.4495919776614756e-05
2026-04-23,1463619.6798072807,-1.6714090493630097e-10,-62.64189122844143,0.0,bybit,-6.264189122873358e-05
2026-04-24,1463616.3533850808,110.26402107274643,-113.59044327250248,0.0,bybit,-3.3264221998397262e-06
2026-04-25,1463590.8577474263,-80.86028211989148,55.36464446535872,0.0,bybit,-2.5495637654559687e-05
2026-04-26,1463661.7333903322,62.482945274378025,8.392697631551103,0.0,bybit,7.08756429059431e-05
2026-04-27,1463514.9149550255,-55.132010536373215,-91.68642477042252,0.0,bybit,-0.00014681843530666084
2026-04-28,1463482.1485799341,91.88668422723298,-124.653059318702,0.0,bybit,-3.276637509139255e-05
2026-04-29,1463390.220184445,-117.61495581075124,25.68656032165908,0.0,bybit,-9.192839548923075e-05
2026-04-30,1463503.9776135357,113.93948844174884,-0.18205935100156445,0.0,bybit,0.00011375742909079418
2026-05-01,1462629.8273399712,-132.31682528709516,182.1665517227361,924.0,hyperliquid,-0.0008741502735645045
2026-05-02,1462929.466704502,102.91308633440734,196.72627819630338,0.0,hyperliquid,0.00029963936453079805
2026-05-03,1463062.862459402,-84.53574948906102,217.93150438895353,0.0,hyperliquid,0.00013339575490006246
2026-05-04,1463167.2193697242,-29.40373895268781,133.76064927474118,0.0,hyperliquid,0.00010435691032209433
2026-05-05,1463333.2383765276,25.728271583685405,140.29073521955345,0.0,hyperliquid,0.00016601900680339896
2026-05-06,1463535.3299912764,88.21121685823057,113.88039789076063,0.0,hyperliquid,0.00020209161474881693
2026-05-07,1463621.90113904,-51.45654316737081,138.02769093092905,0.0,hyperliquid,8.657114776363596e-05
2026-05-08,1463846.1568169973,-3.6754673691695467,227.93114532650958,0.0,hyperliquid,0.00022425567795732057
2026-05-09,1463999.769695819,-88.21121685806342,241.82409567976654,0.0,hyperliquid,0.00015361287882155738
2026-05-10,1464366.4229266103,110.26402107257928,256.38920971882675,0.0,hyperliquid,0.00036665323079144584
2026-05-11,1464565.7603147507,-55.132010536206074,254.4693986766424,0.0,hyperliquid,0.00019933738814038225
2026-05-12,1464840.5992323195,77.18481475088907,197.65410281781374,0.0,hyperliquid,0.00027483891756879163
2026-05-13,1465123.3492068842,36.75467369069262,245.99530087393703,0.0,hyperliquid,0.00028274997456464914
2026-05-14,1465245.9848843475,-84.53574948906102,207.1714269523136,0.0,hyperliquid,0.00012263567746337504
2026-05-15,1465405.2614487747,25.728271583852546,133.54829284333042,0.0,hyperliquid,0.00015927656442718581
2026-05-16,1465417.5368873726,-73.50934738188667,85.78478597987403,0.0,hyperliquid,1.227543859789148e-05
2026-05-17,1465424.7180654497,36.75467369085976,-29.573495613574725,0.0,hyperliquid,7.181178077124059e-06
2026-05-18,1465526.7502287484,7.3509347381719525,94.6812285605199,0.0,hyperliquid,0.00010203216329868882
2026-05-19,1465743.8981973992,-11.026402107174357,228.1743707579593,0.0,hyperliquid,0.0002171479686507955
2026-05-20,1465917.5128699965,-55.132010536373215,228.7466831334807,0.0,hyperliquid,0.00017361467259726488
2026-05-21,1466114.658906411,-33.079206321857356,230.22524273624066,0.0,hyperliquid,0.00019714603641442954
2026-05-22,1466383.4987597894,51.45654316720367,217.3833102112503,0.0,hyperliquid,0.00026883985337847844
2026-05-23,1466364.7915934348,-44.10560842886457,25.39844207422216,0.0,hyperliquid,-1.8707166354637594e-05
2026-05-24,1466560.4814591594,-1.6714090493630097e-10,195.68986572488575,0.0,hyperliquid,0.00019568986572464928
2026-05-25,1466614.634896193,1.6714090493630097e-10,54.153437033285236,0.0,hyperliquid,5.415343703352846e-05
2026-05-26,1466951.0630899568,183.77336845446595,152.6548253091792,0.0,hyperliquid,0.00033642819376382974
2026-05-27,1466862.944705701,-220.52804214549286,132.40965788972483,0.0,hyperliquid,-8.811838425579481e-05
2026-05-28,1467072.5591647245,132.31682528717872,77.29763373633534,0.0,hyperliquid,0.0002096144590235781
2026-05-29,1467234.9829980247,-58.80747790537562,221.23131120565353,0.0,hyperliquid,0.0001624238333001267
2026-05-30,1467526.4677616737,77.18481475088907,214.2999488980837,0.0,hyperliquid,0.00029148476364905946
2026-05-31,1467626.8939397377,-121.29042317992078,221.7166012438561,0.0,hyperliquid,0.00010042617806396447
2026-06-01,1467800.3355694176,-47.781075798201265,221.222705478117,0.0,hyperliquid,0.00017344162967987357
2026-06-02,1468021.5262983295,0.0,221.19072891200597,0.0,hyperliquid,0.00022119072891189716
2026-06-03,1468191.8539221834,58.80747790537562,111.52014594857688,0.0,hyperliquid,0.00017032762385392562
2026-06-04,1468248.128048141,-102.9130863344909,159.1872122920994,0.0,hyperliquid,5.627412595762871e-05
2026-06-05,1468385.1558901423,113.93948844183241,23.0883535594117,0.0,hyperliquid,0.000137027842001291
2026-06-06,1468456.262125735,51.456543167287236,19.64969242536295,0.0,hyperliquid,7.110623559262604e-05
2026-06-07,1468474.8491922463,11.026402107257928,7.560664404212311,0.0,hyperliquid,1.8587066511390732e-05
2026-06-08,1468376.9563813861,-88.21121685823057,-9.681594002171856,0.0,hyperliquid,-9.789281086018309e-05
2026-06-09,1468584.154440128,161.7205642399501,45.4774945020577,0.0,hyperliquid,0.0002071980587418657
2026-06-10,1468369.651173658,-147.0186947636062,-67.48457170660859,0.0,hyperliquid,-0.00021450326647004113
2026-06-11,1468399.5282613102,0.0,29.87708765214485,0.0,hyperliquid,2.9877087652217595e-05
2026-06-12,1468404.7813555626,3.6754673691695467,1.5776268832927745,0.0,hyperliquid,5.253094252431765e-06
2026-06-13,1468578.5062996952,14.701869476343905,159.02307465634937,0.0,hyperliquid,0.000173724944132613
2026-06-14,1468697.2267720553,-58.80747790545919,177.52795026544672,0.0,hyperliquid,0.00011872047236002982
2026-06-15,1468931.4832207565,44.105608429115286,190.1508402722296,0.0,hyperliquid,0.00023425644870125688
2026-06-16,1469148.128161563,36.75467369085976,179.8902671157048,0.0,hyperliquid,0.00021664494080655277
2026-06-17,1469210.1336634029,-117.61495581083481,179.62045765066352,0.0,hyperliquid,6.200550183979795e-05
2026-06-18,1469530.2697803618,135.99229265626468,184.1438243024798,0.0,hyperliquid,0.00032013611695892177
2026-06-19,1469678.4109628599,-40.43014106002931,188.57132355807516,0.0,hyperliquid,0.00014814118249807507
2026-06-20,1469847.7234732637,-18.37733684534631,187.68984724902404,0.0,hyperliquid,0.00016931251040380447
2026-06-21,1469958.3904218571,73.50934738171952,37.15760121179045,0.0,hyperliquid,0.00011066694859345444
2026-06-22,1469938.580102152,-161.72056423986652,141.9102445346357,0.0,hyperliquid,-1.9810319705167784e-05
2026-06-23,1470011.5070480604,84.53574948906102,-11.608803580439824,0.0,hyperliquid,7.292694590846077e-05
2026-06-24,1469966.5685770493,-51.456543167287236,6.518072156329886,0.0,hyperliquid,-4.4938471011118965e-05
2026-06-25,1469810.0599493838,-36.75467369085976,-119.7539539747952,0.0,hyperliquid,-0.00015650862766546198
2026-06-26,1469705.867661445,91.8866842271494,-196.07897216604204,0.0,hyperliquid,-0.00010419228793890215
2026-06-27,1469571.2102124155,-18.37733684534631,-116.28011218411862,0.0,hyperliquid,-0.00013465744902938604
2026-06-28,1468668.8650840693,25.728271583601835,-37.07339992983198,891.0,binance,-0.0009023451283462346
2026-06-29,1468663.0474229194,-18.37733684542988,12.559675695693576,0.0,binance,-5.817661149892956e-06
2026-06-30,1468771.5870389333,36.75467369085976,71.78494232300675,0.0,binance,0.0001085396160138771
2026-07-01,1468691.851912349,-158.0450968708641,78.30997028663076,0.0,binance,-7.973512658430263e-05
2026-07-02,1468849.9280664413,73.5093473818031,84.5668067105124,0.0,binance,0.00015807615409232676
2026-07-03,1468979.4150076015,-14.701869476427476,144.1888106365798,0.0,binance,0.0001294869411601685
2026-07-04,1469172.898583632,47.781075798201265,145.70250023222272,0.0,binance,0.00019348357603047044
2026-07-05,1469254.989104664,-40.43014105994574,122.52066209200919,0.0,binance,8.209052103199065e-05
2026-07-06,1469341.9322418356,-44.10560842903171,131.04874560085534,0.0,binance,8.694313717167824e-05
2026-07-07,1468700.7361166691,51.45654316720367,198.34733166637892,891.0,hyperliquid,-0.0006411961251664907
2026-07-08,1468918.0301150763,22.052804214515856,195.24119419276155,0.0,hyperliquid,0.00021729399840719998
2026-07-09,1469146.93859037,36.75467369085976,192.1538016027265,0.0,hyperliquid,0.00022890847529354505
2026-07-10,1469350.2941138735,11.026402107341498,192.3291213962321,0.0,hyperliquid,0.0002033555235036183
2026-07-11,1469514.5362937558,-33.079206321857356,197.32138620416666,0.0,hyperliquid,0.000164242179882247
2026-07-12,1469803.4306017933,91.88668422723298,197.00762381034588,0.0,hyperliquid,0.0002888943080375902
2026-07-13,1469932.7247227163,-69.83388001271712,199.1280009355735,0.0,hyperliquid,0.0001292941209229175
2026-07-14,1470066.0706788667,-62.4829452744616,195.82890142507893,0.0,hyperliquid,0.00013334595615044237
2026-07-15,1470289.295043874,14.701869476343905,208.5224955309658,0.0,hyperliquid,0.00022322436500736513
2026-07-16,1470574.1705958904,73.50934738171952,211.36620463443023,0.0,hyperliquid,0.0002848755520163104
2026-07-17,1470790.6993619916,11.026402107341498,205.5023639937851,0.0,hyperliquid,0.00021652876610122622
2026-07-18,1470949.5986374791,-44.10560842903171,203.0048839164889,0.0,hyperliquid,0.00015889927548752165
2026-07-19,1471154.882678711,-8.357045246815048e-11,205.28404123206116,0.0,hyperliquid,0.00020528404123196377
2026-07-20,1471320.8105504485,-40.43014105994574,206.35801279730913,0.0,hyperliquid,0.00016592787173739634
2026-07-21,1471718.148053024,187.44883582355192,209.8886667520563,0.0,hyperliquid,0.00039733750257547944
2026-07-22,1471736.2408610105,-169.07149897812204,187.16430696477673,0.0,hyperliquid,1.809280798654072e-05
2026-07-23,1471996.914194509,55.132010536373215,205.5413229621371,0.0,hyperliquid,0.0002606733334984165
2026-07-24,1472185.8163002727,3.6754673690859763,185.2266383946004,0.0,hyperliquid,0.0001889021057637874
2026-07-25,1472272.8038932707,-36.75467369085976,123.74226668874915,0.0,hyperliquid,8.698759299796075e-05
2026-07-26,1472509.4143322818,33.07920632177379,203.53123268925037,0.0,hyperliquid,0.0002366104390111286
2026-07-27,1472683.488473825,-11.026402107257928,185.1005436504074,0.0,hyperliquid,0.00017407414154312575
2026-07-28,1472804.2996504074,66.15841264354758,54.65276393902065,0.0,hyperliquid,0.0001208111765824724
2026-07-29,1472886.316952224,-3.6754673690859763,85.69276918557213,0.0,hyperliquid,8.201730181649328e-05
2026-07-30,1472953.5458088985,-18.37733684542988,85.60619352008419,0.0,hyperliquid,6.722885667462833e-05
2026-07-31,1473008.5398164657,-11.026402107257928,66.02040967439814,0.0,hyperliquid,5.49940075671766e-05
